key, propensity, propensity^2, count, pos, neg
ALA.C, 0.03168, 0.001  ,    10889,      345,    10544
ALA.CA, 0.03823, 0.00146,    11482,      439,    11043
ALA.CB, 0.0637 , 0.00406,    12794,      815,    11979
ALA.N, 0.0362 , 0.00131,     9972,      361,     9611
ALA.O, 0.04138, 0.00171,    11020,      456,    10564
ALA.OXT, 0      , 0      ,       31,        0,       31
ARG.C, 0.02812, 0.00079,     8961,      252,     8709
ARG.CA, 0.03132, 0.00098,     9324,      292,     9032
ARG.CB, 0.03533, 0.00125,    11040,      390,    10650
ARG.CD, 0.04952, 0.00245,    12399,      614,    11785
ARG.CG, 0.04252, 0.00181,    11383,      484,    10899
ARG.CZ, 0.06629, 0.00439,    13321,      883,    12438
ARG.N, 0.03324, 0.0011 ,     7341,      244,     7097
ARG.NE, 0.04943, 0.00244,    12827,      634,    12193
ARG.O, 0.0378 , 0.00143,     8863,      335,     8528
ARG.OXT, 0.03846, 0.00148,       26,        1,       25
ASN.C, 0.02884, 0.00083,     8426,      243,     8183
ASN.CA, 0.0309 , 0.00095,     8868,      274,     8594
ASN.CB, 0.03979, 0.00158,    10431,      415,    10016
ASN.CG, 0.05363, 0.00288,    11263,      604,    10659
ASN.N, 0.02684, 0.00072,     6484,      174,     6310
ASN.ND2, 0.06185, 0.00383,    11350,      702,    10648
ASN.O, 0.03876, 0.0015 ,     8385,      325,     8060
ASN.OD1, 0.05826, 0.00339,    10848,      632,    10216
ASN.OXT, 0.04   , 0.0016 ,       25,        1,       24
ASP.C, 0.02577, 0.00066,    11136,      287,    10849
ASP.CA, 0.02579, 0.00067,    12253,      316,    11937
ASP.CB, 0.03435, 0.00118,    13857,      476,    13381
ASP.CG, 0.05005, 0.00251,    14905,      746,    14159
ASP.N, 0.02255, 0.00051,     9580,      216,     9364
ASP.O, 0.0358 , 0.00128,    10809,      387,    10422
ASP.OD1, 0.04862, 0.00236,    14376,      699,    13677
ASP.OD2, 0.05244, 0.00275,    14913,      782,    14131
ASP.OXT, 0      , 0      ,       28,        0,       28
CYS.C, 0.04415, 0.00195,     2378,      105,     2273
CYS.CA, 0.0653 , 0.00426,     2098,      137,     1961
CYS.CB, 0.08221, 0.00676,     2384,      196,     2188
CYS.N, 0.05774, 0.00333,     1784,      103,     1681
CYS.O, 0.05564, 0.0031 ,     2498,      139,     2359
CYS.OXT, 0      , 0      ,        8,        0,        8
CYS.SG, 0.09773, 0.00955,     2425,      237,     2188
GLN.C, 0.02633, 0.00069,     7596,      200,     7396
GLN.CA, 0.02659, 0.00071,     7785,      207,     7578
GLN.CB, 0.03344, 0.00112,     9181,      307,     8874
GLN.CD, 0.04539, 0.00206,    10443,      474,     9969
GLN.CG, 0.03775, 0.00143,     9403,      355,     9048
GLN.N, 0.02646, 0.0007 ,     6047,      160,     5887
GLN.NE2, 0.05269, 0.00278,    10458,      551,     9907
GLN.O, 0.03137, 0.00098,     7554,      237,     7317
GLN.OE1, 0.04959, 0.00246,    10365,      514,     9851
GLN.OXT, 0.04545, 0.00207,       22,        1,       21
GLU.C, 0.01949, 0.00038,    13290,      259,    13031
GLU.CA, 0.02009, 0.0004 ,    14139,      284,    13855
GLU.CB, 0.02572, 0.00066,    16135,      415,    15720
GLU.CD, 0.04   , 0.0016 ,    17625,      705,    16920
GLU.CG, 0.02889, 0.00083,    16370,      473,    15897
GLU.N, 0.02097, 0.00044,    11542,      242,    11300
GLU.O, 0.02591, 0.00067,    13278,      344,    12934
GLU.OE1, 0.04206, 0.00177,    17476,      735,    16741
GLU.OE2, 0.04391, 0.00193,    17627,      774,    16853
GLU.OXT, 0.06977, 0.00487,       43,        3,       40
GLY.C, 0.05482, 0.003  ,    13536,      742,    12794
GLY.CA, 0.06632, 0.0044 ,    14099,      935,    13164
GLY.N, 0.04964, 0.00246,    12773,      634,    12139
GLY.O, 0.05416, 0.00293,    12648,      685,    11963
GLY.OXT, 0.05   , 0.0025 ,       20,        1,       19
HIS.C, 0.0362 , 0.00131,     3481,      126,     3355
HIS.CA, 0.03764, 0.00142,     3746,      141,     3605
HIS.CB, 0.05567, 0.0031 ,     4365,      243,     4122
HIS.CD2, 0.08268, 0.00684,     4741,      392,     4349
HIS.CE1, 0.08998, 0.0081 ,     5468,      492,     4976
HIS.CG, 0.05852, 0.00342,     4477,      262,     4215
HIS.N, 0.03942, 0.00155,     2841,      112,     2729
HIS.ND1, 0.07133, 0.00509,     4879,      348,     4531
HIS.NE2, 0.09041, 0.00817,     5420,      490,     4930
HIS.O, 0.04534, 0.00206,     3485,      158,     3327
HIS.OXT, 0      , 0      ,       11,        0,       11
ILE.C, 0.03877, 0.0015 ,     6448,      250,     6198
ILE.CA, 0.04173, 0.00174,     5727,      239,     5488
ILE.CB, 0.0367 , 0.00135,     7194,      264,     6930
ILE.CD1, 0.07635, 0.00583,     8291,      633,     7658
ILE.CG1, 0.05392, 0.00291,     7363,      397,     6966
ILE.CG2, 0.06797, 0.00462,     8209,      558,     7651
ILE.N, 0.03918, 0.00153,     5105,      200,     4905
ILE.O, 0.04864, 0.00237,     6949,      338,     6611
ILE.OXT, 0.07143, 0.0051 ,       14,        1,       13
LEU.C, 0.03379, 0.00114,    11542,      390,    11152
LEU.CA, 0.03557, 0.00127,    10767,      383,    10384
LEU.CB, 0.04193, 0.00176,    12163,      510,    11653
LEU.CD1, 0.06969, 0.00486,    13833,      964,    12869
LEU.CD2, 0.06585, 0.00434,    14350,      945,    13405
LEU.CG, 0.02997, 0.0009 ,    13013,      390,    12623
LEU.N, 0.04087, 0.00167,     8466,      346,     8120
LEU.O, 0.04262, 0.00182,    12413,      529,    11884
LEU.OXT, 0.18919, 0.03579,       37,        7,       30
LYS.C, 0.02252, 0.00051,    12123,      273,    11850
LYS.CA, 0.0243 , 0.00059,    12675,      308,    12367
LYS.CB, 0.02683, 0.00072,    14648,      393,    14255
LYS.CD, 0.03633, 0.00132,    15303,      556,    14747
LYS.CE, 0.04708, 0.00222,    15825,      745,    15080
LYS.CG, 0.02797, 0.00078,    14478,      405,    14073
LYS.N, 0.02298, 0.00053,     9964,      229,     9735
LYS.NZ, 0.04992, 0.00249,    15926,      795,    15131
LYS.O, 0.02738, 0.00075,    11906,      326,    11580
LYS.OXT, 0.02778, 0.00077,       36,        1,       35
MET.C, 0.04704, 0.00221,     3061,      144,     2917
MET.CA, 0.04578, 0.0021 ,     2971,      136,     2835
MET.CB, 0.05608, 0.00315,     3477,      195,     3282
MET.CE, 0.0981 , 0.00962,     3904,      383,     3521
MET.CG, 0.05742, 0.0033 ,     3448,      198,     3250
MET.N, 0.03985, 0.00159,     2434,       97,     2337
MET.O, 0.05864, 0.00344,     3223,      189,     3034
MET.OXT, 0      , 0      ,        6,        0,        6
MET.SD, 0.08084, 0.00653,     3439,      278,     3161
MET.SE, 0.1018 , 0.01036,      167,       17,      150
PHE.C, 0.04814, 0.00232,     4799,      231,     4568
PHE.CA, 0.05618, 0.00316,     4913,      276,     4637
PHE.CB, 0.07672, 0.00589,     5422,      416,     5006
PHE.CD1, 0.10108, 0.01022,     5273,      533,     4740
PHE.CD2, 0.0978 , 0.00957,     5184,      507,     4677
PHE.CE1, 0.11001, 0.0121 ,     5945,      654,     5291
PHE.CE2, 0.10388, 0.01079,     5901,      613,     5288
PHE.CG, 0.08112, 0.00658,     4771,      387,     4384
PHE.CZ, 0.11448, 0.0131 ,     6141,      703,     5438
PHE.N, 0.05304, 0.00281,     4035,      214,     3821
PHE.O, 0.05843, 0.00341,     5066,      296,     4770
PHE.OXT, 0.07143, 0.0051 ,       14,        1,       13
PRO.C, 0.02092, 0.00044,     9415,      197,     9218
PRO.CA, 0.02077, 0.00043,     8860,      184,     8676
PRO.CB, 0.0324 , 0.00105,    10802,      350,    10452
PRO.CD, 0.03268, 0.00107,    10404,      340,    10064
PRO.CG, 0.03603, 0.0013 ,    11019,      397,    10622
PRO.N, 0.01551, 0.00024,     8190,      127,     8063
PRO.O, 0.02979, 0.00089,     9164,      273,     8891
PRO.OXT, 0.04545, 0.00207,       22,        1,       21
SER.C, 0.03439, 0.00118,    12069,      415,    11654
SER.CA, 0.03941, 0.00155,    12483,      492,    11991
SER.CB, 0.05494, 0.00302,    14634,      804,    13830
SER.N, 0.03417, 0.00117,    11004,      376,    10628
SER.O, 0.03791, 0.00144,    11475,      435,    11040
SER.OG, 0.0568 , 0.00323,    14524,      825,    13699
SER.OXT, 0      , 0      ,       37,        0,       37
THR.C, 0.03326, 0.00111,     8718,      290,     8428
THR.CA, 0.03557, 0.00127,     8856,      315,     8541
THR.CB, 0.04158, 0.00173,    11930,      496,    11434
THR.CG2, 0.05171, 0.00267,    11989,      620,    11369
THR.N, 0.03358, 0.00113,     7563,      254,     7309
THR.O, 0.03858, 0.00149,     8579,      331,     8248
THR.O1P, 1      , 1      ,        1,        1,        0
THR.O2P, 0      , 0      ,        1,        0,        1
THR.O3P, 1      , 1      ,        1,        1,        0
THR.OG1, 0.05012, 0.00251,    11892,      596,    11296
THR.OXT, 0      , 0      ,       15,        0,       15
THR.P, 1      , 1      ,        1,        1,        0
TIH.CB, 0      , 0      ,        1,        0,        1
TIH.CD, 0      , 0      ,        1,        0,        1
TIH.CE1, 0      , 0      ,        1,        0,        1
TIH.CE2, 0      , 0      ,        1,        0,        1
TIH.CG, 0      , 0      ,        1,        0,        1
TIH.SD, 0      , 0      ,        1,        0,        1
TRP.C, 0.05219, 0.00272,     1437,       75,     1362
TRP.CA, 0.061  , 0.00372,     1459,       89,     1370
TRP.CB, 0.09665, 0.00934,     1759,      170,     1589
TRP.CD1, 0.12256, 0.01502,     2252,      276,     1976
TRP.CD2, 0.18482, 0.03416,     1331,      246,     1085
TRP.CE2, 0.15514, 0.02407,     2082,      323,     1759
TRP.CE3, 0.15404, 0.02373,     1584,      244,     1340
TRP.CG, 0.12668, 0.01605,     1634,      207,     1427
TRP.CZ2, 0.15023, 0.02257,     2403,      361,     2042
TRP.CZ3, 0.13991, 0.01958,     2037,      285,     1752
TRP.N, 0.06232, 0.00388,     1364,       85,     1279
TRP.NE1, 0.13676, 0.0187 ,     2413,      330,     2083
TRP.O, 0.05663, 0.00321,     1607,       91,     1516
TRP.OXT, 0      , 0      ,        6,        0,        6
TYR.C, 0.05213, 0.00272,     4220,      220,     4000
TYR.CA, 0.05521, 0.00305,     4492,      248,     4244
TYR.CB, 0.08016, 0.00643,     5015,      402,     4613
TYR.CD1, 0.09805, 0.00961,     5650,      554,     5096
TYR.CD2, 0.09421, 0.00887,     5679,      535,     5144
TYR.CE1, 0.10205, 0.01041,     7320,      747,     6573
TYR.CE2, 0.09947, 0.00989,     7349,      731,     6618
TYR.CG, 0.08282, 0.00686,     4830,      400,     4430
TYR.CZ, 0.10202, 0.01041,     8165,      833,     7332
TYR.N, 0.04798, 0.0023 ,     3585,      172,     3413
TYR.O, 0.05809, 0.00337,     4510,      262,     4248
TYR.OXT, 0      , 0      ,       16,        0,       16
VAL.C, 0.03538, 0.00125,     8339,      295,     8044
VAL.CA, 0.04131, 0.00171,     7698,      318,     7380
VAL.CB, 0.03523, 0.00124,    10021,      353,     9668
VAL.CG1, 0.06994, 0.00489,    10637,      744,     9893
VAL.CG2, 0.07105, 0.00505,    10261,      729,     9532
VAL.N, 0.04243, 0.0018 ,     6858,      291,     6567
VAL.O, 0.04443, 0.00197,     8778,      390,     8388
VAL.OXT, 0.08696, 0.00756,       23,        2,       21
