20.52,,
17.288,avg,30.76719289
23.961,stdev,28.00281398
21.579,,
17.972,,
53.441,,
36.289,,
31.812,,
14.047,,
2.77,,
12.461,,
74.229,,
33.861,,
16.135,,
28.514,,
26.595,,
16.369,,
43.987,,
7.765,,
7.106,,
21.593,,
45.137,,
6.153,,
7.975,,
17.255,,
6.704,,
25.102,,
7.975,,
41.037,,
8.81,,
35.937,,
32.755,,
3.281,,
3.163,,
4.516,,
44.837,,
7.09,,
37.589,,
2.755,,
31.773,,
5.758,,
7.599,,
8.769,,
17.479,,
21.944,,
18.537,,
8.078,,
20.264,,
42.015,,
3.657,,
7.386,,
4.928,,
4.419,,
14.851,,
10.966,,
37.469,,
11.708,,
2.669,,
1.502,,
4.725,,
4.818,,
3.727,,
2.899,,
2.068,,
72.054,,
77.345,,
78.002,,
82.659,,
24.296,,
29.312,,
31.228,,
29.51,,
29.673,,
34.618,,
17.625,,
13.977,,
26.575,,
22.578,,
5.372,,
3.802,,
17.919,,
1.309,,
4.069,,
3.037,,
3.904,,
2.257,,
6.657,,
6.162,,
24.595,,
31.22,,
75.705,,
11.095,,
13.129,,
23.728,,
5.861,,
2.14,,
14.554,,
22.233,,
14.37,,
19.234,,
15.584,,
15.796,,
51.72,,
45.851,,
30.422,,
26.941,,
27.668,,
26.349,,
31.352,,
101.312,,
101.942,,
8.337,,
6.444,,
5.684,,
5.471,,
34.973,,
35.718,,
109.948,,
101.404,,
23.795,,
80.755,,
74.753,,
40.627,,
29.826,,
19.785,,
3.636,,
19.04,,
4.403,,
19.042,,
6.445,,
16.958,,
6.733,,
14.947,,
8.154,,
27.66,,
27.697,,
67.084,,
78.501,,
70.899,,
66.674,,
13.654,,
11.95,,
42.639,,
20.742,,
23.372,,
30.742,,
22.334,,
3.695,,
22.498,,
4.419,,
16.294,,
10.516,,
32.949,,
19.499,,
7.232,,
3.272,,
85.51,,
38.022,,
21.753,,
27.122,,
14.244,,
51.945,,
1.557,,
1.398,,
4.288,,
2.141,,
51.306,,
31.559,,
1.995,,
49.104,,
54.631,,
13.684,,
25.969,,
32.087,,
44.841,,
5.66,,
33.969,,
19.382,,
10.038,,
29.262,,
43.684,,
33.88,,
29.81,,
28.097,,
46.055,,
7.112,,
12.195,,
10.428,,
18.644,,
49.385,,
44.701,,
31.569,,
37.24,,
29.114,,
39.571,,
38.037,,
34.083,,
36.387,,
25.871,,
24.282,,
20.297,,
14.77,,
11.224,,
9.303,,
9.514,,
8.242,,
2.683,,
10.619,,
9.525,,
8.055,,
13.131,,
10.018,,
11.638,,
11.272,,
10.916,,
10.054,,
11.91,,
15.062,,
11.16,,
10.099,,
13.797,,
9.64,,
14.122,,
12.441,,
8.344,,
10.548,,
17.135,,
24.929,,
14.372,,
12.046,,
14.113,,
13.465,,
9.232,,
9.217,,
8.126,,
24.846,,
8.646,,
14.049,,
15.431,,
8.411,,
23.429,,
13.819,,
14.326,,
11.453,,
21.126,,
14.332,,
194.969,,
66.58,,
49.488,,
64.161,,
90.498,,
70.621,,
63.805,,
59.792,,
44.757,,
25.67,,
20.322,,
40.749,,
16.57,,
18.647,,
36.155,,
8.143,,
18.198,,
30.661,,
3.761,,
1.481,,
3.675,,
1.588,,
3.87,,
2.323,,
34.876,,
60.587,,
66.639,,
56.988,,
63.898,,
3.274,,
16.908,,
25.181,,
24.388,,
23.749,,
22.276,,
21.72,,
18.087,,
37.128,,
34.741,,
40.648,,
59.236,,
57.781,,
96.511,,
41.754,,
103.164,,
101.913,,
3.887,,
13.317,,
7.64,,
9.155,,
10.545,,
12.916,,
6.968,,
11.229,,
8.001,,
8.619,,
13.091,,
7.825,,
12.324,,
28.028,,
47.365,,
26.028,,
34.724,,
39.898,,
16.73,,
28.263,,
20.527,,
44.535,,
49.001,,
25.108,,
37.249,,
44.627,,
45.037,,
22.839,,
8.809,,
18.222,,
13.746,,
4.083,,
45.022,,
57.026,,
49.248,,
46.346,,
45.836,,
60.215,,
19.369,,
31.81,,
30.732,,
28.925,,
28.834,,
29.176,,
26.349,,
96.511,,
2.593,,
36.665,,
31.529,,
8.313,,
22.491,,
24.12,,
22.151,,
23.712,,
23.253,,
65.312,,
72.013,,
67.648,,
9.388,,
22.477,,
13.557,,
16.099,,
15.859,,
17.165,,
14.585,,
10.86,,
10.264,,
13.412,,
10.236,,
48.906,,
41.499,,
13.491,,
4.359,,
10.459,,
69.351,,
78.492,,
83.975,,
67.107,,
44.888,,
4.177,,
10.125,,
7.184,,
7.018,,
53.797,,
45.228,,
46.529,,
19.251,,
27.571,,
22.138,,
21.765,,
2.94,,
2.536,,
4.776,,
4.596,,
22.807,,
1.927,,
1.317,,
8.438,,
18.87,,
30.695,,
2.052,,
1.763,,
36.351,,
20.767,,
0.987,,
16.702,,
135.958,,
24.626,,
23.005,,
30.807,,
32.696,,
19.04,,
50.487,,
46.519,,
27.274,,
41.502,,
4.785,,
1.898,,
19.818,,
10.162,,
3.201,,
2.649,,
2.069,,
3.604,,
1.929,,
7.585,,
3.783,,
2.427,,
5.653,,
52.496,,
3.113,,
2.564,,
6.154,,
2.796,,
1.645,,
3.705,,
2.309,,
3.17,,
1.776,,
3.17,,
1.776,,
24.829,,
11.354,,
11.198,,
154.525,,
22.282,,
25.367,,
1.636,,
0.885,,
1.571,,
1.804,,
1.551,,
1.394,,
1.03,,
82.483,,
11.85,,
3.385,,
1.505,,
7.372,,
3.674,,
2.392,,
3.541,,
2.81,,
3.717,,
2.293,,
3.174,,
3.101,,
3.842,,
2.403,,
3.481,,
2.418,,
3.451,,
1.938,,
3.063,,
1.44,,
3.871,,
2.288,,
4.992,,
12.25,,
28.922,,
35.212,,
12.559,,
17.175,,
18.595,,
28.847,,
124.723,,
125.96,,
25.258,,
25.859,,
4.043,,
2.069,,
4.265,,
1.804,,
5.019,,
3.377,,
1.503,,
3.838,,
2.164,,
16.594,,
16.456,,
28.223,,
3.787,,
2.955,,
3.309,,
2.005,,
4.498,,
2.682,,
3.374,,
1.647,,
12.276,,
10.374,,
20.66,,
32.753,,
37.708,,
40.83,,
24.023,,
12.907,,
3.973,,
3.411,,
2.083,,
3.901,,
1.411,,
73.68,,
72.646,,
72.258,,
71.602,,
12.413,,
3.932,,
4.545,,
1.933,,
40.479,,
55.41,,
59.983,,
64.313,,
10.87,,
3.491,,
2.288,,
4.287,,
15.705,,
5.37,,
1.944,,
30.932,,
94.751,,
31.622,,
12.936,,
19.013,,
37.162,,
34.965,,
31.768,,
33.604,,
30.244,,
28.942,,
34.713,,
26.942,,
31.778,,
29.245,,
43.451,,
45.912,,
42.751,,
50.746,,
44.427,,
42.819,,
1.744,,
25.169,,
7.008,,
6.737,,
6.257,,
6.17,,
6.044,,
5.416,,
4.462,,
4.332,,
4.308,,
8.323,,
8.166,,
7.998,,
7.857,,
7.55,,
3.534,,
2.624,,
82.494,,
110.97,,
117.146,,
57.226,,
110.049,,
119.597,,
65.544,,
4.469,,
3.178,,
2.106,,
2.772,,
2.188,,
49.679,,
96.976,,
85.276,,
34.696,,
30.465,,
48.075,,
43.816,,
22.134,,
1.207,,
32.595,,
27.482,,
26.956,,
30.206,,
33.251,,
1.769,,
35.805,,
29.939,,
27.795,,
29.489,,
22.615,,
29.777,,
19.649,,
26.985,,
37.655,,
15.525,,
45.652,,
28.623,,
27.215,,
27.567,,
53.979,,
2.625,,
17.815,,
18.893,,
10.82,,
26.044,,
20.611,,
29.09,,
16.574,,
164.136,,
8.365,,
8.162,,
3.288,,
18.063,,
17.67,,
23.106,,
5.125,,
3.65,,
36.28,,
34.948,,
5.413,,
83.839,,
57.471,,
58.214,,
66.583,,
50.715,,
61.685,,
3.869,,
28.517,,
86.294,,
87.772,,
88.573,,
2.737,,
26.315,,
63.494,,
28.972,,
33.436,,
3.631,,
28.39,,
3.953,,
32.166,,
26.407,,
25.821,,
26.245,,
64.581,,
45.622,,
46.097,,
19.934,,
20.193,,
25.388,,
29.432,,
5.673,,
31.123,,
3.881,,
3.18,,
25.993,,
2.983,,
25.467,,
24.563,,
57.588,,
24.432,,
71.452,,
54.062,,
28.027,,
31.45,,
29.128,,
12.572,,
5.681,,
50.122,,
12.366,,
8.291,,
86.685,,
31.958,,
22.3,,
25.245,,
35.064,,
16.862,,
27.682,,
62.194,,
37.095,,
1.985,,
34.887,,
7.272,,
2.372,,
83.526,,
104.572,,
103.792,,
107.333,,
100.116,,
2.115,,
6.35,,
9.153,,
2.058,,
7.13,,
2.335,,
9.126,,
27.194,,
76.044,,
57.022,,
59.487,,
23.718,,
27.467,,
17.817,,
12.036,,
11.937,,
9.025,,
91.198,,
77.582,,
35.401,,
89.279,,
85.639,,
20.685,,
39.667,,
34.364,,
32.408,,
31.542,,
39.621,,
29.686,,
3.48,,
21.307,,
24.284,,
13.794,,
24.992,,
99.742,,
65.305,,
24.731,,
10.447,,
15.97,,
10.983,,
15.086,,
35.721,,
31.429,,
91.018,,
49.845,,
41.405,,
21.241,,
15.372,,
1.488,,
1.339,,
1.57,,
16.001,,
2.714,,
15.605,,
2.103,,
32.159,,
22.141,,
42.404,,
53.21,,
53.178,,
45.495,,
56.988,,
1.77,,
26.908,,
35.79,,
3.071,,
54.552,,
28.741,,
11.699,,
9.589,,
10.229,,
30.229,,
27.962,,
27.099,,
29.635,,
28.488,,
27.493,,
44.222,,
30.588,,
29.652,,
29.441,,
23.596,,
22.252,,
4.524,,
1.544,,
51.982,,
50.613,,
42.568,,
40.259,,
40.533,,
44.848,,
28.464,,
29.055,,
21.389,,
23.063,,
4.788,,
6.255,,
46.4,,
22.187,,
22.252,,
36.029,,
20.098,,
58.166,,
23.761,,
25.33,,
28.09,,
38.091,,
1.901,,
18.382,,
5.037,,
2.605,,
9.932,,
51.775,,
41.836,,
1.228,,
5.855,,
2.061,,
4.778,,
9.248,,
19.537,,
2.939,,
43.335,,
25.571,,
47.344,,
58.34,,
60.507,,
60.286,,
59.428,,
51.323,,
46.67,,
59.314,,
20.491,,
18.546,,
16.065,,
13.832,,
13.829,,
6.139,,
5.939,,
42.598,,
39.765,,
20.862,,
22.411,,
36.798,,
24.86,,
20.731,,
2.532,,
81.458,,
42.457,,
39.705,,
21.875,,
17.349,,
64.523,,
72.593,,
2.543,,
35.509,,
16.898,,
42.742,,
44.402,,
28.634,,
57.423,,
2.97,,
53.268,,
48.349,,
46.724,,
24.009,,
47.157,,
20.002,,
17.457,,
115.977,,
49.974,,
75.557,,
61.885,,
78,,
62.083,,
83.869,,
78.906,,
76.515,,
59.669,,
79.827,,
77.788,,
47.263,,
59.132,,
39.555,,
55.464,,
48.771,,
11.128,,
44.922,,
43.006,,
48.105,,
19.002,,
19.305,,
22.436,,
22.008,,
11.906,,
11.348,,
23.072,,
19.226,,
22.941,,
12.651,,
61.562,,
15.657,,
26.07,,
36.159,,
50.776,,
52.657,,
46.915,,
53.045,,
51.063,,
57.988,,
53.478,,
3.819,,
2.073,,
8.397,,
29.951,,
18.16,,
4.456,,
19.186,,
14.698,,
4.398,,
9.898,,
2.493,,
16.66,,
22.191,,
29.781,,
28.659,,
27.458,,
12.82,,
3.416,,
5.241,,
4.939,,
34.451,,
18.293,,
28.71,,
13.038,,
46.544,,
41.078,,
113.114,,
29.838,,
30.477,,
12.608,,
11.396,,
11.078,,
7.622,,
11.47,,
11.846,,
8.613,,
10.606,,
6.301,,
11.498,,
10.295,,
7.127,,
11.398,,
31.333,,
38.629,,
52.471,,
48.88,,
15.939,,
58.926,,
33.488,,
22.231,,
46.953,,
28.513,,
68.21,,
55.066,,
53.538,,
7.848,,
6.472,,
55.725,,
31.692,,
44.183,,
36.281,,
32.388,,
26.689,,
30.027,,
29.616,,
30.253,,
29.96,,
25.889,,
23.051,,
32.46,,
29.589,,
39.349,,
27.38,,
13.063,,
8.544,,
7.212,,
6.375,,
9.538,,
9.426,,
9.418,,
9.003,,
8.792,,
8.688,,
21.748,,
20.953,,
29.429,,
26.022,,
30.066,,
27.355,,
29.565,,
9.09,,
32.304,,
30.569,,
13.803,,
19.658,,
26.115,,
17.948,,
29.138,,
29.15,,
45.6,,
26.201,,
24.587,,
52.993,,
57.099,,
22.705,,
22.24,,
17.889,,
23.254,,
17.808,,
10.237,,
38.053,,
35.595,,
33.128,,
36.741,,
38.616,,
37.49,,
32.926,,
35.272,,
2.56,,
17.899,,
12.924,,
2.181,,
15.834,,
7.173,,
9.892,,
7.418,,
12.828,,
13.686,,
11.902,,
12.1,,
10.98,,
10.448,,
7.672,,
13.555,,
12.659,,
11.821,,
10.766,,
8.921,,
8.133,,
19.794,,
67.923,,
23.517,,
24.723,,
18.685,,
20.978,,
26.204,,
21.326,,
83.486,,
79.996,,
14.737,,
5.693,,
4.109,,
3.19,,
3.699,,
50.07,,
32.564,,
8.652,,
10.458,,
15.154,,
19.166,,
18.836,,
14.26,,
12.558,,
13.05,,
11.374,,
13.865,,
10.236,,
13.941,,
10.432,,
12.121,,
9.667,,
12.976,,
11.735,,
10.59,,
9.735,,
13.923,,
11.549,,
11.357,,
12.174,,
12.36,,
14.164,,
14.749,,
14.115,,
59.515,,
37.496,,
11.481,,
12.669,,
14.811,,
8.058,,
39.908,,
17.103,,
12.788,,
11.489,,
14.485,,
12.984,,
11.198,,
14.672,,
15.408,,
14.432,,
9.355,,
14.061,,
12.373,,
14.696,,
17.223,,
38.728,,
60.583,,
22.59,,
21.583,,
39.227,,
56.575,,
53.96,,
30.214,,
23.166,,
24.919,,
5.316,,
28.027,,
33.359,,
14.546,,
27.779,,
19.235,,
9.919,,
8.662,,
8.144,,
51.31,,
2.436,,
56.361,,
50.674,,
10.978,,
3.839,,
51.574,,
47.835,,
2.412,,
22.326,,
104.964,,
2.576,,
20.898,,
23.214,,
16.633,,
28.934,,
33.556,,
45.481,,
24.012,,
35.011,,
15.353,,
19.724,,
42.372,,
16.1,,
40.524,,
45.209,,
29.089,,
28.772,,
20.671,,
33.033,,
30.318,,
37.216,,
31.267,,
19.445,,
28.711,,
28.028,,
2.126,,
8.371,,
3.698,,
64.178,,
26.657,,
7.047,,
25.57,,
33.18,,
18.693,,
65.987,,
47.451,,
8.607,,
5.466,,
12.543,,
3.809,,
26.521,,
34.492,,
105.997,,
14.027,,
2.559,,
12.725,,
52.371,,
43.729,,
54.109,,
23.064,,
22.097,,
25.201,,
2.468,,
28.853,,
37.511,,
31.212,,
36.48,,
38.792,,
22.527,,
24.711,,
4.485,,
14.404,,
64.642,,
40.28,,
73.829,,
73.713,,
65.319,,
66.801,,
63.41,,
63.85,,
70.239,,
67.358,,
7.863,,
21.805,,
45.327,,
42.712,,
37.768,,
39.873,,
34.039,,
28.003,,
34.737,,
73.033,,
68.281,,
32.696,,
56.87,,
51.047,,
9.917,,
9.505,,
28.24,,
28.832,,
29.4,,
62.038,,
2.603,,
60.779,,
3.582,,
61.959,,
1.26,,
28.64,,
48.756,,
48.549,,
49.341,,
43.695,,
23.735,,
33.694,,
19.158,,
29.799,,
6.174,,
22.286,,
52.181,,
30.162,,
39.69,,
13.237,,
15.299,,
13.688,,
54.455,,
66.581,,
65.119,,
64.32,,
61.686,,
49.161,,
36.947,,
24.935,,
46.745,,
1.36,,
45.938,,
52.109,,
50.217,,
32.997,,
2.048,,
80.65,,
3.911,,
53.494,,
81.253,,
19.068,,
20.226,,
26.733,,
26.312,,
55.535,,
51.293,,
28.574,,
22.602,,
22.107,,
36.956,,
74.172,,
74.918,,
47.567,,
14.044,,
52.227,,
45.263,,
44.169,,
42.204,,
48.202,,
53.046,,
32.847,,
16.805,,
19.016,,
24.333,,
18.576,,
36.473,,
14.085,,
17.801,,
4.069,,
17.123,,
36.867,,
9.092,,
21.118,,
17.9,,
37.884,,
41.747,,
39.345,,
18.316,,
39.375,,
22.978,,
39.383,,
52.529,,
34.121,,
50.8,,
50.289,,
36.605,,
37.256,,
24.191,,
21.859,,
28.928,,
28.564,,
23.555,,
19.992,,
42.121,,
50.545,,
44.662,,
21.899,,
60.913,,
56.765,,
47.292,,
38.037,,
41.22,,
52.774,,
53.021,,
3.019,,
17.888,,
14.478,,
13.573,,
3.423,,
82.455,,
78.177,,
48.566,,
45.478,,
55.861,,
72.284,,
41.436,,
35.907,,
23.779,,
22.937,,
35.942,,
32.703,,
42.822,,
53.44,,
48.481,,
21.67,,
40.806,,
24.352,,
19.977,,
21.819,,
33.61,,
17.13,,
24.834,,
22.18,,
25.516,,
37.555,,
25.584,,
20.089,,
19.698,,
48.312,,
4.237,,
26.473,,
3.165,,
45.506,,
15.189,,
25.572,,
1.855,,
1.581,,
19.223,,
17.363,,
47.295,,
57.232,,
55.151,,
59.488,,
23.025,,
20.21,,
18.502,,
18.632,,
41.106,,
29.973,,
32.134,,
34.234,,
24.492,,
28.52,,
52.716,,
4.88,,
1.93,,
4.039,,
60.077,,
45.833,,
3.599,,
60.935,,
45.119,,
4.535,,
4.347,,
39.082,,
1.965,,
44.658,,
3.925,,
41.721,,
2.667,,
4.707,,
2.979,,
6.993,,
4.84,,
2.36,,
9.494,,
8.498,,
5.775,,
2.541,,
5.465,,
1.436,,
4.819,,
1.621,,
58.703,,
9.287,,
38.489,,
46.709,,
41.913,,
36.59,,
4.49,,
3.582,,
3.548,,
4.957,,
3.672,,
3.658,,
3.516,,
6.475,,
22.931,,
3.011,,
21.659,,
5.813,,
3.125,,
2.828,,
22.637,,
4.724,,
7.05,,
7.049,,
2.365,,
2.336,,
7.067,,
5.687,,
3.15,,
6.149,,
5.92,,
14.906,,
14.413,,
19.449,,
3.641,,
3.409,,
38.336,,
16.348,,
14.841,,
13.645,,
13.331,,
14.037,,
16.101,,
15.567,,
0.863,,
8.729,,
14.184,,
22.947,,
21.752,,
31.569,,
27.655,,
28.127,,
31.685,,
28.896,,
25.981,,
272.908,,
264.184,,
292.774,,
8.597,,
236.644,,
4.09,,
4.955,,
0.838,,
4.17,,
299.182,,
6.057,,
286.042,,
8.621,,
6.584,,
39.331,,
16.81,,
56.751,,
9.916,,
180.109,,
193.207,,
148.986,,
161.925,,
5.536,,
5.659,,
186.514,,
8.68,,
157.904,,
166.311,,
204.425,,
173.54,,
159.73,,
2.169,,
5.639,,
6.27,,
203.034,,
190.279,,
6.066,,
2.082,,
223.861,,
0.893,,
129.557,,
3.311,,
11.62,,
2.3,,
17.277,,
12.268,,
2.98,,
23.826,,
28.755,,
34.337,,
7.431,,
29.027,,
23.032,,
35.408,,
31.6,,
35.586,,
31.694,,
7.28,,
36.497,,
32.779,,
34.116,,
36.261,,
30.361,,
115.697,,
2.768,,
115.515,,
7.083,,
7.094,,
7.672,,
33.697,,
19.098,,
9.469,,
4.36,,
15.628,,
8.229,,
4.492,,
2.044,,
3.946,,
3.834,,
3.561,,
3.122,,
7.372,,
7.916,,
1.926,,
8.28,,
1.769,,
8.377,,
7.056,,
8.571,,
16.052,,
64.068,,
71.91,,
57.171,,
62.597,,
61.924,,
18.655,,
10.723,,
38.476,,
38.457,,
46.53,,
91.783,,
91.105,,
1.777,,
2.53,,
2.47,,
108.477,,
107.84,,
27.915,,
24.148,,
35.886,,
33.804,,
74.607,,
73.056,,
74.601,,
72.063,,
68.802,,
68.481,,
66.892,,
68.65,,
58.21,,
68.903,,
30.923,,
12.843,,
13.393,,
12.38,,
61.873,,
11.627,,
13.521,,
61.428,,
61.021,,
5.018,,
5.993,,
42.368,,
48.382,,
9.514,,
6.704,,
6.719,,
6.187,,
5.656,,
2.179,,
4.926,,
2.173,,
21.884,,
27.493,,
2.926,,
1.881,,
16.891,,
2.779,,
16.923,,
2.201,,
3.401,,
2.377,,
15.643,,
3.973,,
18.851,,
19.724,,
2.362,,
3.071,,
2.555,,
14.851,,
2.19,,
2.06,,
16.264,,
2.707,,
2.633,,
16.91,,
25.425,,
61.642,,
3.912,,
58.739,,
2.892,,
2.655,,
2.284,,
55.471,,
49.684,,
40.039,,
55.503,,
43.011,,
42.268,,
45.129,,
27.413,,
15.309,,
16.489,,
14.322,,
15.13,,
24.788,,
28.516,,
28.021,,
23.2,,
44.054,,
20.134,,
8.849,,
17.542,,
21.443,,
7.843,,
3.294,,
2.986,,
6.932,,
15.773,,
16.024,,
15.41,,
6.983,,
5.513,,
2.642,,
4.497,,
2.685,,
15.253,,
14.109,,
5.486,,
28.509,,
9.252,,
23.567,,
3.587,,
17.125,,
27.766,,
24.683,,
22.063,,
3.034,,
1.937,,
7.727,,
3.302,,
19.495,,
2.938,,
52.094,,
55.162,,
32.205,,
34.79,,
42.151,,
1.522,,
2.258,,
38.481,,
35.118,,
1.855,,
13.198,,
10.847,,
33.853,,
9.902,,
23.209,,
42.435,,
43.45,,
39.773,,
45.466,,
52.49,,
26.391,,
13.598,,
7.359,,
57.274,,
38.011,,
40.73,,
8.089,,
6.558,,
31.081,,
39.736,,
21.109,,
20.457,,
18.622,,
17.991,,
19.907,,
31.155,,
33.568,,
33.385,,
36.423,,
37.057,,
21.823,,
21.966,,
18.099,,
27.965,,
44.137,,
22.631,,
19.849,,
24.133,,
24.26,,
24.575,,
23.716,,
16.898,,
19.442,,
23.899,,
21.593,,
23.839,,
25.373,,
24.996,,
20.773,,
23.039,,
23.318,,
21.511,,
23.162,,
22.559,,
22.774,,
25.539,,
23.876,,
6.537,,
24.347,,
24.949,,
24.528,,
28.606,,
9.167,,
22.003,,
26.207,,
21.214,,
23.573,,
23.119,,
19.036,,
22.334,,
21.107,,
22.257,,
21.416,,
20.152,,
27.023,,
21.68,,
17.836,,
37.699,,
23.14,,
24.843,,
21.966,,
27.105,,
23.453,,
26.798,,
22.598,,
19.029,,
22.619,,
18.976,,
22.1,,
24.025,,
35.693,,
23.75,,
21.03,,
21.825,,
23.086,,
37.781,,
24.587,,
23.244,,
30.249,,
19.466,,
28.195,,
14.008,,
2.039,,
19.222,,
38.077,,
11.95,,
15.863,,
15.286,,
7.903,,
11.619,,
14.502,,
8.024,,
3.919,,
14.124,,
27.986,,
1.237,,
80.863,,
78.393,,
6.445,,
89.814,,
97.6,,
23.945,,
21.16,,
22.743,,
22.515,,
50.551,,
22.879,,
16.58,,
29.038,,
31.151,,
11.267,,
2.921,,
59.544,,
7.364,,
8.875,,
2.058,,
28.352,,
31.589,,
21.134,,
21.373,,
21.232,,
21.404,,
24.54,,
22.257,,
25.828,,
11.212,,
13.283,,
1.512,,
126.58,,
8.21,,
86.227,,
9.83,,
2.232,,
6.514,,
3.15,,
26.054,,
3.858,,
30.1,,
6.358,,
33.332,,
31.67,,
65.451,,
39.505,,
42.434,,
41.199,,
1.12,,
16.743,,
15.022,,
3.881,,
5.102,,
33.856,,
84.974,,
87.529,,
84.349,,
82.591,,
89.284,,
80.813,,
83.51,,
84.453,,
86.722,,
94.232,,
90.484,,
87.59,,
80.013,,
85.635,,
84.751,,
82.359,,
83.857,,
88.833,,
44.923,,
1.972,,
43.668,,
15.084,,
42.322,,
51.157,,
8.571,,
9.987,,
36.015,,
24.824,,
28.738,,
44.729,,
63.163,,
60.012,,
55.738,,
54.992,,
59.96,,
56.148,,
47.09,,
2.198,,
57.477,,
1.898,,
50.898,,
2.772,,
51.358,,
3.11,,
57.726,,
1.581,,
59.518,,
58.145,,
60.437,,
51.584,,
64.836,,
63.403,,
57.858,,
59.617,,
57.685,,
12.347,,
13.208,,
36.404,,
35.781,,
5.031,,
2.508,,
15.941,,
15.691,,
44.186,,
32.789,,
27.329,,
47.835,,
18.003,,
5.609,,
19.481,,
3.391,,
30.386,,
1.559,,
25.879,,
72.226,,
17.196,,
32.376,,
23.414,,
20.258,,
50.694,,
71.309,,
43.985,,
61.949,,
3.574,,
14.014,,
2.342,,
10.076,,
2.4,,
1.419,,
11.823,,
4.404,,
9.415,,
6.057,,
21.99,,
20.986,,
24.25,,
19.227,,
1.333,,
20.896,,
23.279,,
20.337,,
23.806,,
23.506,,
17.717,,
4.858,,
39.756,,
2.083,,
15.507,,
18.642,,
15.587,,
11.864,,
6.956,,
14.18,,
9.651,,
43.819,,
6.194,,
7.271,,
8.33,,
7.633,,
1.854,,
7.033,,
70.514,,
84.484,,
79.426,,
69.683,,
98.532,,
96.619,,
98.09,,
97.05,,
97.303,,
96.364,,
13.64,,
12.149,,
16.639,,
17.933,,
9.012,,
2.306,,
5.869,,
4.607,,
2.305,,
65.571,,
64.135,,
1.434,,
1.678,,
34.796,,
34.703,,
44.956,,
41.005,,
28.992,,
10.389,,
8.845,,
11.45,,
8.237,,
7.865,,
9.788,,
34.578,,
27.145,,
30.375,,
2.043,,
56.489,,
33.389,,
4.523,,
4.084,,
29.732,,
25.724,,
20.179,,
116.801,,
115.234,,
110.881,,
110.423,,
13.228,,
14.505,,
22.116,,
50.258,,
36.698,,
3.608,,
2.947,,
36.131,,
2.564,,
9.208,,
3.409,,
3.121,,
2.392,,
28.558,,
1.757,,
1.533,,
14.167,,
10.92,,
13.234,,
11.924,,
10.183,,
8.825,,
12.303,,
9.268,,
10.081,,
10.88,,
13.561,,
11.688,,
7.849,,
5.156,,
5.793,,
4.9,,
51.665,,
39.685,,
42.682,,
74.219,,
81.569,,
121.974,,
41.656,,
48.373,,
50.882,,
29.071,,
26.224,,
26.104,,
3.161,,
13.136,,
12.502,,
9.223,,
54.762,,
50.197,,
19.943,,
22.567,,
15.7,,
17.854,,
17.136,,
11.848,,
11.382,,
12.988,,
23.31,,
19.672,,
20.546,,
11.65,,
11.087,,
15.943,,
15.285,,
68.234,,
37.6,,
50.694,,
3.546,,
37.544,,
41.407,,
3.132,,
26.344,,
20.208,,
53.032,,
4.687,,
3.633,,
41.662,,
3.243,,
1.573,,
102.772,,
102.504,,
3.391,,
31.05,,
1.76,,
34.918,,
3.784,,
32.843,,
1.432,,
99.661,,
95.815,,
22.841,,
4.419,,
32.578,,
1.571,,
1.636,,
2.257,,
2.23,,
24.111,,
65.567,,
17.479,,
36.942,,
4.25,,
12.055,,
21.355,,
23.944,,
1.413,,
21.655,,
16.07,,
2.5,,
1.88,,
20.343,,
3.452,,
20.226,,
3.71,,
17.253,,
46,,
42.784,,
39.658,,
4.403,,
4.309,,
3.449,,
3.116,,
31.178,,
28.798,,
24.777,,
3.62,,
22.653,,
59.518,,
15.112,,
19.199,,
58.442,,
69.027,,
22.836,,
86.014,,
34.739,,
28.702,,
7.091,,
6.239,,
4.081,,
9.692,,
2.858,,
12.346,,
8.885,,
32.757,,
33.236,,
36.951,,
40.454,,
2.27,,
35.663,,
7.682,,
20.557,,
30.459,,
22.624,,
70.743,,
78.176,,
72.99,,
84.538,,
102.952,,
97.757,,
10.148,,
9.458,,
18.655,,
43.018,,
45.385,,
1.735,,
38.079,,
48.096,,
32.758,,
30.853,,
12.886,,
53.488,,
42.634,,
9.393,,
5.275,,
2.173,,
9.286,,
10.978,,
12.392,,
15.619,,
24.524,,
2.335,,
27.824,,
26.07,,
5.458,,
4.171,,
61.684,,
3.516,,
1.65,,
3.621,,
2.442,,
65.306,,
4.644,,
1.691,,
64.397,,
4.895,,
3.931,,
53.911,,
13.835,,
10.788,,
10.983,,
54.375,,
14.585,,
5.96,,
0.813,,
2.163,,
2.749,,
1.888,,
2.738,,
4.006,,
22.022,,
20.764,,
17.466,,
3.212,,
2.515,,
2.183,,
3.711,,
0.803,,
1.404,,
6.591,,
34.819,,
32.325,,
15.632,,
15.088,,
2.488,,
46.876,,
48.95,,
3.598,,
4.149,,
2.674,,
2.428,,
1.772,,
2.18,,
1.507,,
2.792,,
2.09,,
4.302,,
1.839,,
4.303,,
2.282,,
2.066,,
3.802,,
4.175,,
26.586,,
28.136,,
81.277,,
2.445,,
86.28,,
67.97,,
38.218,,
31.232,,
29.371,,
14,,
3.275,,
3.136,,
7.809,,
5.699,,
2.322,,
7.619,,
3.665,,
7.025,,
3.294,,
7.54,,
7.952,,
2.668,,
8.203,,
4.301,,
8.132,,
2.999,,
0.934,,
3.908,,
2.302,,
1.928,,
2.947,,
2.795,,
1.578,,
5.455,,
4.121,,
4.098,,
4.731,,
2.068,,
3.207,,
7.245,,
4.028,,
43.791,,
8.574,,
6.974,,
4.498,,
3.964,,
19.323,,
2.054,,
15.27,,
2.904,,
2.546,,
17.288,,
16.097,,
2.484,,
1.655,,
12.463,,
10.393,,
25.511,,
21.317,,
2.733,,
2.461,,
1.74,,
9.686,,
4.702,,
4.025,,
9.405,,
8.195,,
8.976,,
1.603,,
2.073,,
11.583,,
1.343,,
41.566,,
2.314,,
11.947,,
2.097,,
42.876,,
1.89,,
14.443,,
8.658,,
4.792,,
15.127,,
2.544,,
1.492,,
1.637,,
17.967,,
2.365,,
7.531,,
43.979,,
46.537,,
54.094,,
58.764,,
49.069,,
55.368,,
28.289,,
25.016,,
42.853,,
63.964,,
63.432,,
56.718,,
64.273,,
28.939,,
30.672,,
54.191,,
64.021,,
11.583,,
95.26,,
78.544,,
16.53,,
13.02,,
3.171,,
22.306,,
27.518,,
20.511,,
25.11,,
27.64,,
24.22,,
18.34,,
3.289,,
24.016,,
23.015,,
45.502,,
47.822,,
23.563,,
23.099,,
28.892,,
27.35,,
44.045,,
34.451,,
44.327,,
46.96,,
39.08,,
44.338,,
28.963,,
41.618,,
29.711,,
1.838,,
28.91,,
25.217,,
1.54,,
31.118,,
25.906,,
25.836,,
37.726,,
45.018,,
44.886,,
43.271,,
36.957,,
32.13,,
31.455,,
29.749,,
27.364,,
90.54,,
95.953,,
90.551,,
90.123,,
13.876,,
2.327,,
9.917,,
18.75,,
17.571,,
29.778,,
19.27,,
24.416,,
28.424,,
27.617,,
47.862,,
46.558,,
49.028,,
48.894,,
24.317,,
32.749,,
1.294,,
17.617,,
29.104,,
28.779,,
45.453,,
16.375,,
51.099,,
41.521,,
41.27,,
43.422,,
43.699,,
40.492,,
36.906,,
36.799,,
34.335,,
34.336,,
45.038,,
36.169,,
39.551,,
86.245,,
21.97,,
58.628,,
7.659,,
10.376,,
9.484,,
10.801,,
8.715,,
8.572,,
13.63,,
22.547,,
14.704,,
11.052,,
21.103,,
2.473,,
16.329,,
15.038,,
4.003,,
3.908,,
2.235,,
2.134,,
42.556,,
38.916,,
5.108,,
3.1,,
10.57,,
48.769,,
16.865,,
14.213,,
16.849,,
34.318,,
22.676,,
1.544,,
51.3,,
50.549,,
5.604,,
23.411,,
9.771,,
15.161,,
7.054,,
21.477,,
5.388,,
42.897,,
3.042,,
52.567,,
2.308,,
54.361,,
16.099,,
15.662,,
15.415,,
14.668,,
14.488,,
13.808,,
13.749,,
18.536,,
18.527,,
17.469,,
16.624,,
16.299,,
70.611,,
27.5,,
16.811,,
16.989,,
13.93,,
14.631,,
16.568,,
13.608,,
27.447,,
32.907,,
32.351,,
30.515,,
23.274,,
65.087,,
23.348,,
23.234,,
23.639,,
10.156,,
14.874,,
13.322,,
26.724,,
21.366,,
19.121,,
20.615,,
87.272,,
84.23,,
81.889,,
7.447,,
1.652,,
57.082,,
36.609,,
25.584,,
30.807,,
48.18,,
57.232,,
49.22,,
55.065,,
1.37,,
1.62,,
2.322,,
10.907,,
35.79,,
33.005,,
26.922,,
34.086,,
45.397,,
41.277,,
3.219,,
17.515,,
4.332,,
24.499,,
41.989,,
50.505,,
44.426,,
35.791,,
33.895,,
35.309,,
31.734,,
26.726,,
21.755,,
12.541,,
5.567,,
88.263,,
30.478,,
41.795,,
33.03,,
30.118,,
31.879,,
28.432,,
30.987,,
27.827,,
52.151,,
34.877,,
29.546,,
51.715,,
50.03,,
49.051,,
42.406,,
41.905,,
41.325,,
87.525,,
26.923,,
28.385,,
42.359,,
30.273,,
28.408,,
33.389,,
31.735,,
18.84,,
17.019,,
42.948,,
39.743,,
42.837,,
15.082,,
22.079,,
21.935,,
24.36,,
19.08,,
19.487,,
23.347,,
20.76,,
26.647,,
41.385,,
38.446,,
10.216,,
48.026,,
52.492,,
54.841,,
39.664,,
33.131,,
25.49,,
4.391,,
25.743,,
3.346,,
30.363,,
68.418,,
64.308,,
59.736,,
12.265,,
87.176,,
13.114,,
1.237,,
1.056,,
10.903,,
8.416,,
11.843,,
10.999,,
69.183,,
3.013,,
107.243,,
47.901,,
33.071,,
32.138,,
26.907,,
28.605,,
9.552,,
96.511,,
16.493,,
15.208,,
2.929,,
3.419,,
39.528,,
41.166,,
14.922,,
8.66,,
14.215,,
12.277,,
13.88,,
10.623,,
3.354,,
15.65,,
13.697,,
4.227,,
58.562,,
53.547,,
4.252,,
2.752,,
12.636,,
8.356,,
37.194,,
27.202,,
38.545,,
8.176,,
7.703,,
9.851,,
3.495,,
63.451,,
61.233,,
6.579,,
8.074,,
6.229,,
7.882,,
33.662,,
40.074,,
30.875,,
33.714,,
35.773,,
32.459,,
26.05,,
29.292,,
30.435,,
27.978,,
47.85,,
40.208,,
40.314,,
37.554,,
69.92,,
74.168,,
75.326,,
69.875,,
49.887,,
48.862,,
54.794,,
16.939,,
34.676,,
77.647,,
66.337,,
16.477,,
20.164,,
21.036,,
16.695,,
13.581,,
14.173,,
16.679,,
47.073,,
57.743,,
100.564,,
11.129,,
13.443,,
31.716,,
33.522,,
22.009,,
16.778,,
4.748,,
27.764,,
28.778,,
50.466,,
11.135,,
1.06,,
13.473,,
9.38,,
9.04,,
8.012,,
26.979,,
28.177,,
30.989,,
32.274,,
17.285,,
62.338,,
60.151,,
10.074,,
17.835,,
2.38,,
2.147,,
1.843,,
2.225,,
49.409,,
8.423,,
7.898,,
6.73,,
3.925,,
6.768,,
88.407,,
9.79,,
33.683,,
66.824,,
65.391,,
62.416,,
61.16,,
13.919,,
12.212,,
40.833,,
33.548,,
23.84,,
19.656,,
48.012,,
98.136,,
104.168,,
104.386,,
1.953,,
43.963,,
23.133,,
28.268,,
22.831,,
25.097,,
25.339,,
43.616,,
30.608,,
30.16,,
24.789,,
24.084,,
22.375,,
30.584,,
29.749,,
31.501,,
27.398,,
37.608,,
5.825,,
7.982,,
22.887,,
29.347,,
5.646,,
5.371,,
21.667,,
72.977,,
66.499,,
69.593,,
33.017,,
30.253,,
31.696,,
25.259,,
3.859,,
33.837,,
25.973,,
42.653,,
36.147,,
38.175,,
38.122,,
6.901,,
9.622,,
6.759,,
5.215,,
25.011,,
28.658,,
37.873,,
36.943,,
21.555,,
27.085,,
33.526,,
31.875,,
28.103,,
30.428,,
34.961,,
32.177,,
30.927,,
34.789,,
31.724,,
32.177,,
30.471,,
28.1,,
33.122,,
37.691,,
29.501,,
10.731,,
31.655,,
31.473,,
29.894,,
26.414,,
19.164,,
34.109,,
31.501,,
34.024,,
38.428,,
29.995,,
37.2,,
29.211,,
36.262,,
34.304,,
30.989,,
50.828,,
53.401,,
58.638,,
57.382,,
52.703,,
56.488,,
52.235,,
55.844,,
23.899,,
23.58,,
23.547,,
23.25,,
22.003,,
21.939,,
21.853,,
21.449,,
26.095,,
25.111,,
25.089,,
24.831,,
72.411,,
71.506,,
82.859,,
80.115,,
76.443,,
79.194,,
76.107,,
75.991,,
0.822,,
130.899,,
3.45,,
129.847,,
3.702,,
93.346,,
98.21,,
64.132,,
46.804,,
46.158,,
75.664,,
71.926,,
70.211,,
68.258,,
1.14,,
11.315,,
13.831,,
11.631,,
5.128,,
3.658,,
47.425,,
74.644,,
77.9,,
92.696,,
52.612,,
18.38,,
66.566,,
73.334,,
93.693,,
84.275,,
2.903,,
137.494,,
1.452,,
59.168,,
2.209,,
59.21,,
2.746,,
64.283,,
78.374,,
87.144,,
83.264,,
60.744,,
62.07,,
2.197,,
27.831,,
2.572,,
23.224,,
20.847,,
2.142,,
57.66,,
3.038,,
1.554,,
56.118,,
2.766,,
63.023,,
66.751,,
49.617,,
141.032,,
64.515,,
7.904,,
1.237,,
23.604,,
13.853,,
12.882,,
1.609,,
15.496,,
12.705,,
15.603,,
13.463,,
1.66,,
12.785,,
12.313,,
12.671,,
1.948,,
14.845,,
15.032,,
43.843,,
3.361,,
7.271,,
10.297,,
11.47,,
12.146,,
11.208,,
10.067,,
10.979,,
8.063,,
46.773,,
55.81,,
50.537,,
58.199,,
47.345,,
44.918,,
64.798,,
60.538,,
54.971,,
56.088,,
64.414,,
50.012,,
58.889,,
56.416,,
50.799,,
55.037,,
1.381,,
48.826,,
52.919,,
53.346,,
1.538,,
68.7,,
57.278,,
60.34,,
58.911,,
58.854,,
53.35,,
57.91,,
1.648,,
56.293,,
57.723,,
61.364,,
37.115,,
26.442,,
24,,
57.813,,
46.349,,
28.353,,
73.115,,
71.06,,
61.56,,
3.51,,
44.472,,
35.562,,
109.197,,
92.994,,
92.707,,
82.358,,
89.891,,
82.213,,
77.991,,
72.582,,
83.55,,
80.733,,
78.193,,
78.013,,
56.799,,
57.904,,
50.669,,
9.642,,
6.8,,
4.974,,
2.038,,
1.489,,
39.077,,
42.056,,
23.614,,
3.377,,
40.556,,
58.121,,
1.657,,
46.829,,
44.376,,
66.278,,
61.602,,
42.002,,
2.13,,
59.197,,
96.956,,
66.124,,
65.689,,
78.011,,
59.949,,
71.302,,
69.673,,
71.202,,
68.73,,
83.488,,
62.138,,
75.448,,
71.458,,
65.562,,
63.263,,
67.042,,
68.308,,
72.634,,
70.788,,
70.601,,
77.284,,
68.118,,
83.9,,
70.748,,
72.837,,
69.376,,
62.615,,
63.93,,
75.236,,
91.217,,
88.745,,
87.324,,
80.692,,
91.597,,
89.917,,
63.66,,
72.711,,
78.688,,
32.125,,
20.625,,
55.944,,
78.675,,
78.581,,
83.969,,
72.585,,
50.529,,
62.662,,
3.53,,
2.641,,
6.035,,
3.66,,
3.939,,
3.499,,
85.491,,
83.178,,
85.332,,
79.522,,
98.394,,
98.225,,
84.54,,
80.535,,
76.705,,
0.774,,
72.657,,
71.606,,
70.845,,
87.936,,
84.155,,
79.395,,
1.079,,
1.016,,
67.939,,
75.748,,
73.258,,
126.414,,
97.565,,
1.573,,
60.951,,
51.906,,
80.415,,
130.987,,
66.521,,
1.729,,
62.887,,
56.816,,
66.378,,
64.287,,
100.122,,
91.044,,
82.573,,
59.131,,
11.97,,
69.292,,
60.213,,
67.723,,
65.149,,
71.946,,
78.737,,
26.399,,
39.753,,
15.332,,
12.688,,
81.122,,
79.525,,
62.716,,
51.662,,
3.445,,
9.02,,
97.771,,
111.022,,
55.168,,
119.582,,
11.899,,
126.19,,
27.194,,
68.113,,
22.527,,
27.811,,
33.769,,
81.085,,
88.424,,
91.508,,
74.053,,
77.241,,
33.394,,
2.458,,
89.433,,
78.161,,
39.232,,
71.063,,
45.292,,
64.084,,
82.575,,
1.074,,
2.203,,
9.729,,
3.37,,
6.551,,
3.123,,
107.586,,
10.468,,
33.306,,
48.88,,
11.543,,
74.262,,
46.945,,
5.678,,
7.8,,
5.218,,
31.289,,
30.251,,
27.284,,
36.766,,
64.477,,
37.524,,
39.499,,
38.319,,
14.524,,
11.603,,
15.575,,
26.64,,
28.577,,
66.991,,
6.571,,
4.888,,
3.907,,
10.231,,
23.354,,
34.41,,
35.175,,
98.268,,
40.367,,
1.411,,
16.681,,
16.143,,
84.398,,
51.764,,
38.057,,
36.2,,
27.728,,
76.247,,
55.861,,
32.467,,
2.428,,
43.921,,
49.68,,
43.371,,
50.457,,
6.663,,
5.991,,
6.585,,
10.841,,
8.942,,
52.901,,
37.783,,
78.13,,
66.48,,
23.315,,
23.391,,
48.011,,
20.416,,
43.119,,
34.008,,
9.141,,
1.193,,
37.065,,
37.347,,
23.216,,
5.623,,
49.813,,
49.926,,
25.35,,
14.548,,
47.627,,
45.632,,
48.368,,
41.633,,
40.2,,
35.964,,
44.443,,
40.969,,
13.125,,
11.141,,
8.687,,
7.303,,
27.772,,
31.892,,
2.22,,
21.266,,
15.89,,
11.497,,
8.234,,
43.859,,
4.945,,
6.23,,
1.468,,
9.606,,
14.753,,
11.41,,
26.53,,
24.677,,
96.876,,
66.5,,
73.484,,
66.882,,
41.618,,
8.607,,
8,,
6.561,,
2.061,,
8.399,,
7.222,,
2.263,,
7.572,,
9.512,,
9.215,,
8.557,,
2.769,,
7.247,,
2.094,,
10.325,,
8.283,,
9.542,,
9.408,,
12.202,,
10.247,,
11.215,,
11.023,,
10.3,,
2.203,,
10.546,,
1.337,,
10.534,,
2.515,,
13.006,,
12.159,,
12.22,,
8.651,,
9.813,,
8.159,,
8.899,,
10.272,,
10.607,,
2.211,,
1.152,,
15.557,,
12.976,,
11.592,,
12.2,,
12.678,,
14.335,,
11.679,,
11.933,,
14.708,,
13.509,,
15.283,,
14.109,,
9.597,,
2.443,,
15.872,,
74.58,,
72.65,,
28.239,,
29.988,,
9.446,,
27.821,,
7.058,,
5.898,,
5.957,,
9.819,,
62.492,,
8.857,,
47.875,,
1.35,,
35.397,,
41.613,,
1.656,,
34.15,,
36.346,,
42.952,,
1.376,,
48.368,,
33.565,,
35.455,,
2.558,,
43.288,,
55.565,,
1.591,,
33.563,,
1.261,,
41.53,,
41.491,,
89.24,,
80.743,,
78.694,,
81.521,,
34.066,,
31.948,,
39.659,,
37.859,,
61.438,,
59.558,,
62.339,,
59.419,,
41.498,,
49.763,,
44.113,,
1.568,,
52.159,,
1.693,,
63.232,,
71.135,,
48.532,,
25.564,,
42.746,,
46.386,,
1.292,,
30.01,,
49.631,,
45.821,,
49.35,,
56.529,,
55.035,,
50.703,,
52.11,,
42.362,,
54.953,,
44.507,,
28.214,,
32.231,,
88.65,,
67.245,,
72.741,,
52.057,,
43.854,,
55.818,,
31.323,,
26.953,,
27.984,,
2.216,,
2.454,,
46.591,,
1.821,,
46.468,,
1.942,,
2.311,,
43.799,,
1.85,,
47.03,,
57.602,,
57.729,,
57.184,,
54.43,,
54.262,,
38.317,,
73.622,,
59.235,,
39.119,,
66.342,,
78.297,,
55.915,,
61.538,,
63.9,,
86.289,,
68.233,,
69.586,,
70.236,,
34.386,,
33.747,,
40.9,,
38.558,,
45.933,,
9.871,,
1.499,,
1.17,,
8.427,,
8.282,,
10.315,,
9.94,,
9.62,,
43.897,,
42.452,,
47.44,,
41.438,,
33.863,,
34.705,,
50.978,,
50.135,,
50.29,,
43.727,,
34.272,,
48.685,,
38.85,,
43.032,,
39.162,,
18.32,,
17.022,,
78.609,,
63.605,,
12.431,,
53.135,,
79.108,,
93.89,,
43.528,,
46.547,,
37.444,,
37.056,,
6.676,,
5.98,,
95.756,,
70.162,,
69.526,,
3.044,,
2.299,,
7.522,,
3.685,,
1.863,,
2.449,,
60.181,,
12.228,,
32.744,,
30.173,,
1.989,,
1.328,,
23.473,,
24.716,,
22.778,,
38.123,,
35.508,,
24.436,,
109.702,,
91.122,,
28.969,,
2.33,,
20.83,,
25.714,,
25.959,,
44.624,,
24.333,,
10.472,,
29.194,,
30.068,,
25.585,,
12.732,,
42.194,,
47.047,,
41.265,,
47.226,,
40.675,,
45.384,,
34.925,,
18.487,,
19.413,,
39.735,,
17.194,,
23.388,,
21.048,,
21.192,,
28.059,,
30.078,,
46.957,,
39.472,,
19.678,,
27.892,,
23.865,,
58.278,,
53.976,,
53.344,,
47.803,,
21.468,,
23.362,,
51.506,,
53.788,,
61.723,,
59.516,,
27.975,,
27.415,,
32.146,,
29.145,,
28.992,,
27.855,,
24.556,,
33.468,,
34.985,,
45.841,,
13.652,,
4.606,,
51.195,,
2.23,,
15.192,,
9.15,,
19.841,,
0.954,,
6.517,,
15.723,,
12.453,,
13.37,,
14.115,,
3.851,,
2.976,,
41.723,,
49.469,,
47.273,,
36.75,,
25.983,,
25.819,,
18.544,,
15.636,,
15.394,,
15.198,,
12.41,,
13.292,,
54.795,,
33.525,,
67.107,,
48.328,,
28.49,,
34.51,,
94.535,,
91.587,,
27.279,,
8.097,,
18.943,,
17.847,,
6.558,,
67.758,,
16.076,,
8.364,,
3.169,,
2.454,,
3.484,,
2.699,,
2.048,,
2.009,,
42.334,,
36.55,,
10.133,,
7.999,,
7.529,,
1.873,,
12.727,,
35.111,,
34.708,,
28.797,,
28.457,,
25.689,,
24.753,,
29.134,,
27.329,,
20.905,,
23.542,,
17.433,,
18.076,,
28.621,,
8.298,,
5.928,,
4.163,,
17.756,,
67.297,,
15.443,,
17.275,,
16.739,,
11.258,,
10.145,,
10.172,,
11.606,,
20.872,,
9.8,,
22.633,,
2.538,,
1.764,,
20.917,,
8.723,,
16.332,,
10.112,,
8.694,,
8.153,,
2.398,,
22.975,,
16.044,,
28.808,,
24.768,,
33.125,,
13.407,,
19.055,,
10.9,,
26.819,,
14.182,,
27.592,,
10.441,,
20.352,,
11.241,,
18.916,,
9.885,,
7.211,,
10.49,,
17.297,,
9.439,,
15.396,,
12.684,,
10.511,,
1.734,,
3.011,,
1.597,,
7.223,,
9.981,,
10.163,,
10.593,,
1.933,,
1.253,,
1.648,,
1.727,,
32.817,,
27.601,,
1.118,,
15.753,,
10.8,,
10.749,,
10.017,,
11.215,,
70.507,,
39.788,,
32.194,,
30.241,,
24.889,,
53.31,,
48.63,,
62.16,,
25.149,,
25.822,,
23.251,,
21.589,,
17.825,,
20.745,,
33.119,,
69.959,,
12.175,,
94.911,,
44.346,,
44.682,,
9.372,,
64.523,,
61.846,,
58.63,,
63.434,,
11.522,,
12.055,,
2.438,,
18.896,,
20.456,,
26.779,,
23.212,,
16.815,,
21.743,,
45.984,,
53.661,,
52.683,,
47.646,,
10.986,,
11.973,,
11.847,,
10.104,,
62.562,,
51.28,,
51.272,,
17.453,,
12.013,,
19.191,,
13.133,,
12.424,,
45.796,,
43.978,,
39.265,,
38.696,,
32.596,,
27.729,,
25.939,,
24.866,,
27.385,,
28.783,,
25.935,,
27.281,,
29.858,,
23.621,,
18.701,,
20.195,,
17.451,,
36.406,,
20.069,,
32.615,,
23.73,,
28.184,,
39.773,,
27.06,,
24.55,,
32.896,,
25.649,,
32.612,,
42.168,,
32.602,,
40.679,,
16.072,,
23.499,,
16.859,,
17.203,,
15.308,,
14.462,,
17.005,,
19.185,,
17.259,,
22.465,,
25.566,,
23.7,,
13.852,,
41.546,,
16.744,,
14.607,,
23.34,,
28.968,,
33.464,,
27.139,,
16.102,,
9.619,,
4.687,,
19.63,,
24.468,,
22.71,,
2.669,,
2.573,,
7.118,,
5.873,,
16.551,,
2.098,,
13.041,,
16.255,,
59.445,,
3.652,,
3.324,,
28.516,,
84.015,,
68.119,,
13.592,,
14.845,,
18.924,,
11.786,,
11.46,,
15.27,,
23.543,,
10.201,,
17.645,,
22.477,,
63.251,,
68.135,,
2.118,,
26.545,,
33.57,,
82.958,,
33.171,,
27.466,,
31.908,,
61.181,,
52.974,,
52.117,,
47.439,,
36.642,,
35.324,,
1.163,,
1.45,,
1.132,,
12.577,,
12.045,,
43.09,,
34.866,,
28.179,,
33.473,,
17.024,,
17.861,,
17.257,,
14.618,,
13.902,,
11.756,,
17.715,,
60.817,,
12.739,,
2.597,,
14.468,,
3.012,,
1.888,,
1.491,,
4.409,,
3.043,,
14.981,,
13.176,,
2.939,,
2.404,,
1.337,,
29.79,,
18.864,,
15.38,,
1.21,,
21.499,,
29.195,,
20.473,,
14.173,,
11.573,,
19.799,,
5.982,,
6.035,,
6.921,,
1.857,,
2.18,,
48.718,,
43.72,,
25.432,,
43.286,,
44.072,,
2.924,,
19.353,,
12.341,,
38.804,,
20.068,,
13.487,,
32.634,,
21.694,,
33.103,,
37.065,,
15.332,,
11.328,,
21.229,,
18.681,,
19.208,,
17.372,,
45.13,,
19.302,,
17.797,,
19.535,,
24.753,,
18.17,,
17.556,,
17.519,,
41.497,,
18.89,,
18.3,,
16.742,,
20.368,,
19.585,,
18.911,,
16.366,,
29.914,,
14.487,,
19.247,,
17.565,,
18.141,,
8.447,,
14.562,,
12.061,,
16.042,,
15.289,,
110.272,,
25.98,,
13.617,,
27.286,,
77.268,,
35.252,,
2.093,,
14.675,,
5.012,,
2.576,,
15.616,,
8.149,,
3.743,,
9.337,,
50.567,,
45.146,,
36.853,,
35.329,,
17.878,,
16.046,,
13.835,,
44.627,,
19.922,,
12.127,,
16.988,,
16.396,,
27.377,,
27.883,,
42.941,,
16.084,,
1.408,,
14.638,,
19.324,,
14.318,,
3.616,,
3.576,,
3.498,,
2.619,,
40.92,,
66.319,,
40.267,,
54.91,,
41.267,,
20.422,,
21.228,,
15.629,,
15.114,,
35.179,,
32.43,,
29.888,,
22.954,,
26.495,,
18.461,,
20.999,,
80.144,,
72.138,,
82.369,,
72.271,,
74.029,,
33.457,,
30.911,,
29.199,,
12.607,,
32.485,,
2.147,,
41.185,,
38.332,,
42.861,,
58.834,,
57.66,,
30.119,,
27.562,,
5.899,,
8.412,,
2.771,,
8.504,,
8.43,,
8.146,,
10.029,,
7.96,,
6.926,,
4.718,,
5.911,,
5.94,,
4.659,,
6.381,,
5.938,,
85.879,,
33.359,,
43.319,,
41.924,,
41.902,,
41.313,,
14.714,,
49.647,,
34.322,,
9.971,,
9.402,,
7.139,,
48.152,,
37.92,,
61.444,,
74.645,,
19.302,,
10.265,,
29.587,,
25.774,,
32.41,,
57.995,,
132.235,,
132.34,,
52.881,,
28.489,,
137.919,,
44.575,,
2.763,,
2.619,,
1.963,,
3.189,,
2.888,,
3.021,,
2.151,,
10.853,,
88.028,,
81.429,,
48.35,,
82.01,,
54.857,,
49.027,,
51.375,,
53.701,,
49.351,,
50.347,,
49.153,,
2.13,,
52.481,,
46.825,,
100.401,,
97.27,,
100.084,,
105.906,,
103.684,,
104.058,,
104.546,,
102.275,,
61.474,,
60.255,,
53.647,,
62.476,,
53.882,,
108.193,,
59.657,,
54.694,,
51.545,,
52.464,,
54.304,,
110.993,,
104.837,,
109.851,,
117.145,,
109.897,,
111.653,,
117.424,,
108.861,,
110.631,,
89.189,,
96.241,,
97.146,,
96.511,,
96.511,,
96.511,,
96.511,,
89.189,,
89.189,,
96.511,,
88.619,,
50.937,,
58.01,,
28.517,,
27.455,,
25.714,,
27.267,,
0.713,,
143.362,,
140.641,,
134.785,,
143.869,,
54.681,,
51.871,,
69.887,,
74.078,,
47.288,,
36.248,,
43.098,,
36.026,,
45.205,,
44.146,,
86.476,,
81.962,,
84.796,,
80.044,,
79.939,,
79.279,,
82.325,,
76.131,,
87.396,,
84.941,,
80.643,,
94.428,,
82.892,,
86.659,,
97.208,,
63.101,,
115.185,,
103.619,,
116.998,,
115.289,,
114.716,,
109.915,,
109.904,,
108.523,,
115.768,,
100.457,,
110.884,,
100.332,,
54.39,,
115.351,,
103.663,,
112.587,,
112.336,,
113.004,,
110.106,,
69.688,,
67.606,,
64.335,,
55.227,,
65.656,,
67.238,,
58.186,,
53.713,,
52.84,,
61.205,,
116.871,,
27.064,,
21.972,,
68.994,,
67.019,,
64.086,,
33.443,,
1.878,,
25.964,,
90.551,,
47.274,,
155.365,,
45.757,,
45.72,,
52.693,,
112.796,,
110.854,,
107.941,,
107.105,,
3.383,,
106.423,,
103.488,,
110.379,,
108.722,,
112.62,,
103.951,,
108.097,,
104.353,,
108.787,,
127.071,,
117.202,,
109.502,,
183.326,,
181.223,,
191.464,,
203.403,,
192.45,,
187.606,,
176.215,,
1.904,,
60.445,,
53.931,,
44.06,,
98.791,,
51.344,,
103.136,,
115.722,,
72.542,,
72.178,,
77.842,,
85.403,,
88.903,,
19.632,,
11.15,,
5.781,,
12.763,,
4.045,,
6.69,,
1.544,,
33.065,,
48.937,,
60.223,,
0.906,,
0.724,,
0.944,,
1.034,,
2.873,,
1.907,,
2.661,,
0.981,,
0.802,,
19.931,,
16.511,,
2.666,,
1.653,,
3.423,,
2.089,,
15.972,,
13.954,,
4.446,,
35.204,,
1.112,,
2.775,,
9.952,,
18.872,,
27.464,,
23.369,,
19.102,,
32.225,,
20.835,,
2.362,,
2.302,,
1.761,,
8.452,,
46.52,,
41.217,,
30.834,,
19.922,,
25.48,,
19.75,,
19.911,,
24.417,,
20.848,,
17.72,,
18.349,,
30.574,,
31.084,,
62.377,,
34.494,,
30.903,,
20.923,,
3.857,,
4.483,,
40.495,,
25.827,,
16.201,,
5.649,,
3.316,,
5.501,,
4.245,,
11.638,,
8.017,,
10.355,,
8.632,,
26.991,,
34.83,,
28.776,,
1.701,,
1.862,,
50.374,,
59.535,,
13.063,,
41.808,,
45.856,,
43.667,,
38.065,,
33.019,,
4.055,,
2.55,,
39.112,,
30.869,,
39.379,,
37.046,,
29.805,,
38.685,,
38.302,,
81.521,,
65.772,,
20.409,,
20.039,,
3.948,,
8.722,,
9.484,,
18.528,,
18.351,,
13.109,,
54.848,,
24.432,,
30.723,,
4.955,,
3.618,,
33.993,,
4.83,,
3.252,,
64.232,,
68.442,,
11.463,,
30.527,,
27.427,,
31.719,,
6.843,,
27.618,,
33.024,,
29.991,,
28.389,,
52.338,,
20.043,,
27.049,,
89.771,,
31.652,,
70.898,,
66.794,,
16.969,,
25.491,,
41.093,,
35.595,,
35.725,,
19.353,,
19.111,,
28.67,,
63.054,,
61.099,,
36.42,,
24.441,,
33.576,,
37.518,,
34.281,,
12.639,,
2.896,,
8.372,,
13.401,,
30.98,,
32.779,,
21.775,,
22.738,,
34.407,,
23.9,,
21.722,,
24.25,,
22.062,,
23.927,,
20.371,,
23.108,,
19.369,,
24.983,,
19.362,,
23.972,,
20.701,,
25.341,,
18.491,,
32.879,,
2.189,,
11.09,,
19.693,,
29.834,,
19.164,,
33.02,,
15.999,,
21.293,,
20.971,,
16.392,,
15.289,,
42.339,,
26.663,,
39.724,,
34.4,,
33.248,,
33,,
30.845,,
1.658,,
15.379,,
13.047,,
54.284,,
2.14,,
1.253,,
1.845,,
47.241,,
3.244,,
42.484,,
87.425,,
17.89,,
5.051,,
1.698,,
66.453,,
55.717,,
27.779,,
33.764,,
34.132,,
6.823,,
34.185,,
31.401,,
45.246,,
42.688,,
40.05,,
37.54,,
37.649,,
44.401,,
46.151,,
45.057,,
48.809,,
37.254,,
34.837,,
38.876,,
38.241,,
17.443,,
9.939,,
36.063,,
1.904,,
22.645,,
31.439,,
41.594,,
39.932,,
81.678,,
75.008,,
41.399,,
38.822,,
38.351,,
44.365,,
46.916,,
55.76,,
64.101,,
62.965,,
29.948,,
28.65,,
31.328,,
26.031,,
26.012,,
30.519,,
38.386,,
37.514,,
22.387,,
2.068,,
1.743,,
43.117,,
29.926,,
25.143,,
24.888,,
23.175,,
9.885,,
23.175,,
13.599,,
2.935,,
2.028,,
1.857,,
1.143,,
13.354,,
7.356,,
4.194,,
4.219,,
35.652,,
11.087,,
23.468,,
18.711,,
13.698,,
12.853,,
9.227,,
9.279,,
13.083,,
8.139,,
24.256,,
22.844,,
20.404,,
21.495,,
32.027,,
29.947,,
34.03,,
7.341,,
6.918,,
13.344,,
2.995,,
6.284,,
4.863,,
3.232,,
35.069,,
30.065,,
22.46,,
68.515,,
35.647,,
38.607,,
31.009,,
24.935,,
45.728,,
38.129,,
37.122,,
26.857,,
36.262,,
34.447,,
47.325,,
44.525,,
37.015,,
32.085,,
29.27,,
28.097,,
29.793,,
16.15,,
3.158,,
2.423,,
19.887,,
32.689,,
24.012,,
29.831,,
20.333,,
57.091,,
22.973,,
15.234,,
40.129,,
4.633,,
52.145,,
50.505,,
14.216,,
15.588,,
1.125,,
1.584,,
16.783,,
12.118,,
13.967,,
11.473,,
11.691,,
14.381,,
14.594,,
1.402,,
3.936,,
1.897,,
3.482,,
12.475,,
1.483,,
1.641,,
1.264,,
12.834,,
13.733,,
14.261,,
14.053,,
5.29,,
5.05,,
4.645,,
4.466,,
1.298,,
1.499,,
1.948,,
7.557,,
23.025,,
2.252,,
23.814,,
3.084,,
15.959,,
39.93,,
40.542,,
36.797,,
34.574,,
46.398,,
34.59,,
33.401,,
34.803,,
34.185,,
31.401,,
1.491,,
1.402,,
1.442,,
1.237,,
1.148,,
1.87,,
49.85,,
60.422,,
27.771,,
27.726,,
3.125,,
3.237,,
2.463,,
3.101,,
3.081,,
2.894,,
25.835,,
34.67,,
27.134,,
8.692,,
56.5,,
51.132,,
47.551,,
46.577,,
46.473,,
45.442,,
167.889,,
196.019,,
196.796,,
13.425,,
11.779,,
14.151,,
12.455,,
24.951,,
56.225,,
55.391,,
49.5,,
49.295,,
34.348,,
33.45,,
32.736,,
22.763,,
37.798,,
43.749,,
17.577,,
14.173,,
15.958,,
1.354,,
3.294,,
3.963,,
2.812,,
3.652,,
38.69,,
19.262,,
22.662,,
36.173,,
42.58,,
29.581,,
37.823,,
37.083,,
56.03,,
53.206,,
33.362,,
33.331,,
33.885,,
31.069,,
32.152,,
39.712,,
52.005,,
38.728,,
39.893,,
46.788,,
39.452,,
2.565,,
2.814,,
36.243,,
43.678,,
36.835,,
35.233,,
11.741,,
32.463,,
34.627,,
33.998,,
60.362,,
34.843,,
15.475,,
12.454,,
2.944,,
1.259,,
1.46,,
55.522,,
3.087,,
55.044,,
53.936,,
44.219,,
44.474,,
53.475,,
40.375,,
38.146,,
49.991,,
42.627,,
51.627,,
40.287,,
5.714,,
1.67,,
23.413,,
57.342,,
16.412,,
23.422,,
2.819,,
22.766,,
14.591,,
2.349,,
30.7,,
31.402,,
32.517,,
30.436,,
29.096,,
8.941,,
8.153,,
29.156,,
3.42,,
2.746,,
12.522,,
19.231,,
9.435,,
7.107,,
5.512,,
2.512,,
1.319,,
1.579,,
3.472,,
2.926,,
3.241,,
1.88,,
1.988,,
2.383,,
3.222,,
2.142,,
1.932,,
2,,
1.72,,
2.192,,
3.296,,
2.368,,
2.076,,
1.907,,
3.149,,
1.81,,
1.742,,
2.168,,
1.978,,
1.605,,
2.295,,
1.699,,
2.368,,
2.191,,
2.636,,
2.292,,
4.447,,
2.507,,
2.174,,
4.327,,
2.21,,
2.883,,
2.242,,
4.663,,
3.149,,
2.087,,
1.821,,
2.462,,
1.561,,
1.657,,
16.507,,
4.813,,
2.762,,
2.334,,
1.904,,
2.724,,
13.451,,
3.206,,
18.116,,
18.916,,
7.618,,
5.977,,
6.6,,
8.228,,
16.909,,
10.32,,
20.877,,
5.361,,
117.558,,
126.888,,
116.437,,
73.979,,
3.709,,
52.593,,
32.956,,
28.326,,
12.836,,
28.343,,
22.25,,
12.304,,
43.421,,
38.528,,
33.664,,
20.786,,
4.411,,
3.694,,
26.825,,
22.379,,
8.207,,
45.584,,
44.922,,
20.92,,
21.127,,
42.873,,
52.241,,
22.668,,
23.42,,
28.865,,
27.127,,
27.049,,
45.226,,
2.327,,
1.866,,
2.468,,
2.016,,
11.014,,
9.295,,
9.074,,
8.098,,
2.297,,
1.808,,
1.681,,
12.567,,
10.584,,
7.641,,
11.916,,
8.498,,
13.452,,
25.602,,
24.623,,
20.729,,
38.336,,
41.073,,
45.965,,
39.133,,
41.791,,
24.314,,
36.972,,
32.79,,
56.553,,
41.803,,
43.267,,
19.544,,
19.78,,
18.825,,
17.04,,
18.108,,
2.872,,
3.051,,
3.569,,
2.654,,
2.808,,
53.364,,
45.442,,
46.012,,
42.445,,
44.275,,
41.361,,
4.028,,
37.88,,
3.931,,
3.709,,
3.394,,
37.267,,
3.959,,
54.537,,
39.216,,
9.07,,
4.011,,
57.092,,
48.218,,
42.076,,
19.535,,
21.302,,
20.299,,
3.629,,
3.931,,
28.998,,
20.725,,
21.348,,
18.012,,
4.639,,
53.534,,
58.814,,
37.946,,
43.843,,
39.884,,
34.493,,
30.423,,
31.618,,
16.058,,
28.952,,
33.484,,
49.256,,
41.324,,
45.891,,
51.22,,
46.764,,
45.2,,
48.367,,
53.533,,
48.989,,
54.232,,
12.08,,
36.247,,
52.119,,
42.435,,
50.926,,
43.468,,
40.154,,
43.329,,
51.303,,
43.716,,
44.006,,
22.474,,
40.646,,
1.923,,
44.146,,
49.579,,
43.185,,
46.286,,
43.59,,
58.569,,
53.008,,
14.522,,
6.479,,
9.789,,
10.424,,
45.309,,
1.929,,
17.127,,
25.921,,
2.093,,
1.96,,
14.873,,
67.754,,
9.051,,
27.254,,
27.933,,
29.073,,
30.645,,
32.076,,
31.823,,
32.176,,
34.758,,
35.143,,
34.473,,
32.625,,
3.491,,
34.531,,
35.052,,
35.01,,
38.782,,
38.049,,
36.461,,
34.705,,
33.724,,
31.836,,
29.646,,
30.448,,
28.485,,
3.947,,
2.235,,
3.048,,
3.29,,
3.828,,
1.708,,
37.206,,
1.746,,
9.805,,
27.24,,
8.248,,
7.523,,
7.774,,
108.207,,
6.087,,
36.562,,
39.25,,
46.98,,
41.136,,
41.942,,
78.961,,
75.266,,
28.479,,
7.864,,
28.635,,
25.269,,
13.674,,
19.096,,
17.149,,
6.538,,
4.655,,
17.747,,
16.343,,
9.545,,
5.602,,
4.32,,
49.841,,
64.108,,
40.017,,
40.115,,
19.456,,
1.072,,
10.377,,
62.931,,
37.758,,
18.764,,
9.95,,
7.157,,
1.576,,
1.223,,
70.601,,
8.576,,
1.468,,
75.322,,
40.747,,
5.727,,
59.649,,
46.32,,
49.373,,
9.101,,
7.449,,
20.797,,
17.206,,
14.293,,
27.423,,
26.438,,
5.705,,
4.445,,
2.706,,
26.813,,
9.456,,
8.48,,
7.54,,
50.968,,
40.161,,
44.005,,
57.398,,
47.858,,
44.303,,
4.236,,
41.032,,
10.647,,
7.731,,
24.312,,
5.354,,
2.352,,
9.688,,
24.152,,
2.343,,
1.6,,
9.717,,
74.22,,
6.78,,
57.036,,
80.797,,
63.453,,
81.214,,
87.165,,
82.778,,
80.838,,
78.786,,
98.597,,
97.867,,
87.434,,
52.672,,
92.688,,
77.542,,
74.196,,
43.685,,
92.235,,
90.153,,
41.174,,
35.76,,
32.944,,
2.49,,
2.29,,
3.626,,
10.838,,
9.551,,
31.825,,
1.769,,
30.286,,
4.626,,
45.025,,
4.704,,
57.528,,
48.464,,
59.199,,
51.531,,
58.191,,
4.579,,
61.33,,
63.958,,
75.686,,
70.049,,
76.273,,
103.974,,
59.052,,
36.643,,
39.772,,
39.791,,
46.481,,
42.522,,
10.858,,
6.305,,
4.795,,
46.917,,
10.157,,
2.34,,
36.135,,
7.337,,
43.855,,
42.141,,
4.55,,
17.457,,
3.559,,
4.974,,
4.287,,
11.76,,
3.232,,
3.004,,
1.327,,
1.228,,
30.556,,
25.139,,
23.542,,
17.771,,
10.131,,
41.887,,
0.558,,
37.278,,
35.996,,
32.283,,
3.124,,
5.307,,
2.906,,
36.301,,
23.546,,
13.215,,
14.321,,
37.643,,
33.47,,
20.889,,
14.786,,
18.825,,
7.579,,
6.182,,
34.822,,
29.451,,
27.977,,
40.661,,
39.016,,
41.232,,
5.769,,
58.527,,
51.943,,
5.104,,
3.749,,
2.575,,
38.613,,
15.774,,
13.893,,
46.944,,
40.239,,
2.754,,
21.057,,
15.96,,
35.208,,
26.378,,
11.844,,
8.431,,
8.35,,
37.571,,
2.514,,
37.569,,
5.491,,
65.833,,
40.194,,
3.439,,
49.088,,
53.016,,
48.964,,
47.482,,
42.486,,
35.958,,
2.268,,
3.867,,
2.823,,
19.842,,
4.424,,
2.596,,
44.897,,
43.743,,
43.637,,
42.983,,
40.306,,
36.851,,
50.716,,
2.388,,
44.355,,
42.744,,
41.899,,
51.886,,
4.943,,
52.913,,
69.076,,
63.803,,
56.371,,
76.702,,
3.236,,
55.567,,
59.928,,
75.16,,
55.39,,
33.299,,
58.679,,
78.427,,
68.037,,
74.851,,
73.924,,
63.509,,
63.264,,
77.755,,
3.401,,
63.187,,
49.612,,
3.954,,
46.443,,
2.639,,
27.822,,
1.595,,
27.712,,
1.828,,
2.232,,
27.183,,
1.959,,
1.487,,
34.811,,
1.836,,
5.683,,
1.756,,
2.132,,
1.889,,
1.677,,
34.473,,
5.775,,
22.429,,
41.578,,
92.743,,
82.855,,
80.762,,
71.654,,
56.889,,
49.776,,
61.757,,
70.55,,
52.958,,
56.958,,
50.145,,
4.147,,
64.609,,
40.393,,
3.258,,
59.031,,
4.034,,
82.37,,
80.619,,
73.163,,
64.66,,
81.116,,
4.868,,
71.555,,
66.986,,
64.521,,
82.329,,
72.194,,
70.705,,
68.491,,
80.544,,
67.692,,
52.678,,
65.786,,
57.925,,
97.988,,
86.022,,
80.442,,
75.449,,
60.323,,
37.461,,
45.348,,
43.442,,
61.821,,
46.331,,
84.82,,
23.689,,
76.809,,
74.485,,
79.947,,
83.419,,
78.568,,
91.999,,
8.232,,
59.102,,
62.502,,
43.862,,
76.043,,
75.932,,
80.042,,
77.187,,
75.028,,
66.926,,
73.571,,
68.514,,
59.838,,
56.54,,
76.36,,
67.184,,
66.632,,
63.734,,
38.496,,
2.391,,
61.661,,
53.178,,
5.053,,
41.297,,
3.961,,
57.503,,
46.298,,
50.47,,
51.301,,
78.759,,
71.708,,
39.555,,
26.989,,
17.329,,
49.939,,
18.368,,
12.483,,
14.072,,
12.543,,
50.09,,
6.591,,
7.822,,
38.044,,
13.22,,
12.275,,
29.021,,
3.638,,
2.671,,
2.342,,
2.156,,
1.804,,
1.584,,
13.111,,
12.453,,
11.741,,
11.231,,
5.739,,
15.893,,
13.438,,
13.71,,
11.806,,
13.058,,
4.874,,
29.792,,
7.108,,
4.856,,
31.945,,
42.851,,
13.987,,
25.076,,
8.809,,
8.748,,
7.926,,
38.094,,
4.723,,
1.623,,
29.306,,
5.889,,
7.262,,
8.146,,
6.432,,
5.611,,
5.143,,
60.227,,
87.311,,
81.678,,
79.892,,
77.516,,
44.952,,
44.477,,
49.048,,
68.411,,
41.233,,
33.537,,
33.948,,
59.452,,
71.356,,
3.619,,
31.399,,
71.299,,
2.479,,
82.84,,
18.659,,
65.488,,
34.322,,
69.286,,
7.995,,
7.937,,
44.269,,
57.066,,
29.377,,
47.323,,
4.158,,
2.136,,
1.836,,
25.371,,
3.878,,
1.426,,
22.643,,
3.237,,
50.141,,
1.551,,
52.207,,
63.84,,
49.55,,
66.089,,
46.54,,
43.512,,
54.603,,
54.674,,
46.424,,
2.588,,
24.976,,
3.828,,
55.383,,
68.665,,
4.874,,
3.466,,
70.157,,
72.526,,
78.654,,
77.889,,
83.574,,
55.296,,
70.598,,
35.502,,
33.374,,
10.904,,
4.881,,
19.146,,
66.416,,
63.101,,
6.099,,
6.498,,
8.489,,
32.596,,
31.706,,
46.762,,
2.072,,
26.803,,
54.879,,
49.819,,
61.742,,
61.207,,
88.23,,
86.63,,
78.849,,
71.358,,
82.804,,
42.408,,
32.146,,
93.209,,
39.453,,
63.173,,
22.117,,
16.256,,
5.774,,
57.562,,
5.432,,
18.763,,
34.644,,
35.101,,
33.289,,
25.164,,
3.261,,
22.876,,
23.846,,
78.597,,
71.517,,
75.155,,
64.975,,
2.34,,
9.084,,
46.985,,
42.735,,
43.047,,
45.772,,
4.624,,
4.063,,
4.859,,
3.442,,
78.647,,
8.662,,
0.878,,
42.254,,
51.441,,
43.745,,
41.029,,
10.188,,
37.175,,
48.722,,
47.514,,
44.855,,
9.77,,
94.3,,
87.084,,
37.085,,
41.6,,
83.557,,
5.068,,
3.805,,
3.872,,
2.594,,
7.291,,
2.878,,
3.198,,
2.753,,
14.342,,
1.821,,
1.364,,
12.664,,
47.393,,
3.366,,
8.357,,
55.319,,
52.23,,
49.615,,
24.174,,
6.564,,
92.038,,
7.05,,
3.637,,
2.684,,
3.044,,
47.017,,
15.629,,
31.403,,
16.48,,
63.804,,
65.099,,
62.093,,
66.493,,
5.814,,
51.371,,
61.11,,
1.708,,
46.8,,
68.255,,
51.368,,
1.527,,
49.689,,
75.261,,
52.983,,
42.389,,
41.842,,
39.991,,
38.755,,
60.58,,
2.448,,
47.091,,
49.235,,
53.441,,
3.485,,
68.453,,
56.889,,
54.91,,
53.249,,
37.053,,
0.891,,
89.411,,
33.347,,
12.729,,
86.654,,
2.544,,
47.956,,
9.956,,
9.761,,
24.055,,
8.465,,
43.794,,
65.071,,
6.895,,
2.243,,
43.274,,
8.544,,
4.949,,
5.83,,
5.299,,
56.069,,
53.872,,
1.721,,
3.883,,
15.668,,
2.214,,
11.835,,
1.84,,
56.134,,
3.734,,
58.931,,
2.749,,
47.864,,
39.845,,
41.977,,
18.122,,
9.336,,
30.827,,
20.649,,
6.533,,
15.158,,
18.583,,
52.315,,
2.745,,
11.286,,
12.756,,
5.541,,
26.811,,
26.984,,
23.466,,
3.995,,
28.102,,
8.592,,
61.675,,
59.629,,
30.076,,
54.32,,
20.201,,
22.803,,
57.972,,
34.37,,
26.15,,
73.933,,
74.524,,
54.823,,
80.027,,
56.081,,
88.457,,
55.535,,
22.601,,
51.358,,
39.894,,
3.274,,
35.616,,
57.893,,
41.123,,
47.482,,
46.864,,
57.743,,
57.596,,
55.948,,
1.992,,
3.254,,
2.446,,
46.551,,
36.505,,
44.916,,
44.444,,
44.322,,
40.501,,
36.049,,
58.651,,
62.786,,
55.904,,
15.226,,
37.751,,
21.369,,
21.958,,
26.886,,
29.378,,
26.284,,
6.318,,
4.563,,
3.997,,
2.473,,
32.692,,
51.288,,
54.299,,
49.438,,
49.081,,
48.064,,
58.688,,
48.672,,
46.017,,
41.411,,
78.252,,
72.919,,
67.483,,
42.229,,
1.577,,
78.879,,
4.233,,
47.723,,
3.64,,
46.888,,
4.144,,
52.037,,
14.609,,
51.917,,
53.031,,
46.005,,
41.193,,
48.14,,
39.92,,
51.133,,
11.058,,
3.951,,
27.07,,
4.197,,
2.85,,
23.342,,
22.988,,
45.881,,
45.78,,
147.447,,
0.756,,
51.109,,
41.72,,
40.134,,
38.196,,
27.663,,
1.798,,
0.963,,
2.625,,
1.353,,
1.366,,
1.269,,
37.417,,
1.089,,
109.871,,
18.888,,
21.353,,
20.207,,
6.024,,
4.025,,
29.783,,
24.781,,
28.654,,
25.479,,
5.757,,
4.301,,
25.997,,
4.362,,
28.225,,
26.741,,
9.468,,
16.501,,
18.519,,
37.747,,
35.966,,
32.262,,
36.43,,
27.383,,
27.668,,
32.614,,
65.603,,
32.853,,
43.742,,
1.733,,
49.883,,
3.345,,
30.027,,
37.279,,
43.311,,
36.465,,
18.734,,
41.023,,
31.073,,
17.494,,
17.711,,
26.141,,
27.881,,
45.911,,
45.832,,
40.755,,
23.823,,
21.715,,
19.298,,
22.345,,
28.634,,
4.048,,
22.875,,
3.837,,
1.612,,
21.525,,
29.018,,
80.562,,
14.021,,
30.9,,
7.625,,
25.023,,
16.915,,
6.474,,
179.473,,
35.234,,
46.409,,
37.719,,
29.206,,
28.683,,
26.794,,
21.429,,
23.389,,
17.112,,
6.538,,
78.961,,
13.314,,
12.052,,
33.556,,
33.281,,
2.878,,
37.512,,
35.077,,
1.819,,
3.626,,
71.49,,
37.744,,
48.891,,
54.854,,
18.086,,
33.945,,
39.356,,
29.858,,
4.464,,
2.741,,
11.5,,
8.391,,
13.734,,
13.358,,
13.18,,
14.093,,
4.173,,
49.334,,
38.208,,
32.743,,
7.04,,
12.139,,
26.976,,
28.027,,
19.423,,
2.273,,
2.672,,
1.403,,
23.576,,
8.529,,
8.415,,
4.895,,
4.474,,
16.33,,
71.671,,
66.375,,
16.922,,
15.888,,
20.312,,
20.676,,
2.486,,
23.152,,
31.464,,
36.487,,
29.089,,
31.188,,
36.065,,
33.295,,
21.185,,
24.595,,
22.734,,
22.348,,
37.29,,
37.91,,
25.483,,
68.121,,
68.257,,
61.179,,
60.291,,
20.814,,
20.984,,
26.679,,
14.741,,
17.704,,
17.602,,
15.115,,
14.644,,
26.416,,
21.178,,
18.025,,
25.342,,
3.108,,
29.033,,
10.548,,
5.235,,
5.38,,
6.908,,
4.776,,
4.07,,
81.923,,
7.798,,
56.292,,
66.478,,
39.15,,
25.278,,
3.428,,
2.508,,
2.003,,
2.678,,
3.178,,
21.635,,
20.978,,
17.086,,
10.169,,
8.453,,
39.367,,
4.28,,
18.731,,
13.362,,
13.146,,
112.617,,
11.662,,
9.291,,
66.4,,
78.577,,
31.111,,
2.99,,
11.919,,
33.24,,
35.048,,
5.286,,
23.826,,
5.61,,
6.426,,
4.176,,
25.467,,
5.464,,
2.044,,
4.907,,
7.38,,
3.663,,
23.88,,
2.206,,
6.402,,
1.861,,
1.449,,
1.67,,
1.512,,
33.72,,
32.656,,
32.606,,
38.276,,
1.462,,
6.965,,
61.04,,
64.51,,
43.831,,
3.134,,
42.935,,
15.696,,
9.563,,
15.991,,
17.918,,
1.951,,
73.933,,
80.915,,
29.197,,
54.06,,
26.673,,
11.123,,
10.951,,
13.332,,
12.997,,
29.037,,
11.561,,
9.306,,
25.913,,
29.32,,
23.241,,
28.222,,
26.991,,
19.927,,
19.371,,
20.154,,
41.296,,
23.501,,
27.386,,
26.075,,
53.554,,
123.597,,
66.785,,
158.868,,
171.628,,
128.405,,
136.895,,
157.921,,
133.449,,
8.153,,
11.944,,
36.868,,
12.072,,
11.821,,
13.667,,
13.016,,
12.807,,
12.085,,
10.737,,
29.259,,
28.388,,
27.644,,
26.768,,
29.924,,
27.652,,
28.939,,
27.944,,
28.196,,
26.017,,
20.452,,
29.885,,
33.725,,
61.895,,
36.066,,
53.699,,
39.936,,
0.744,,
35.477,,
7.931,,
7.99,,
7.296,,
10.161,,
10.528,,
13.662,,
4.571,,
5.595,,
12.173,,
30.655,,
35.197,,
19.839,,
23.608,,
33.298,,
38.193,,
33.761,,
35.009,,
26.947,,
30.249,,
13.352,,
5.642,,
5.309,,
7.095,,
2.95,,
2.118,,
9.687,,
8.072,,
4.837,,
3.395,,
3.371,,
2.429,,
2.095,,
11.865,,
4.992,,
3.466,,
3.146,,
2.812,,
7.861,,
15.612,,
15.588,,
139.387,,
98.986,,
59.69,,
50.509,,
16.284,,
56.861,,
14.257,,
29.13,,
28.465,,
25.72,,
24.238,,
40.145,,
2.385,,
37.84,,
44.814,,
44.392,,
4.735,,
4.549,,
2.48,,
1.348,,
9.957,,
28.014,,
25.053,,
39.208,,
29.058,,
3.724,,
61.27,,
18.042,,
53.019,,
62.935,,
45.271,,
48.265,,
31.311,,
47.184,,
26.782,,
21.561,,
6.043,,
7.204,,
56.92,,
54.642,,
44.975,,
41.729,,
40.156,,
40.066,,
30.133,,
32.541,,
45.67,,
40.33,,
44.654,,
40.567,,
55.21,,
27.855,,
38.482,,
39.522,,
41.691,,
50.043,,
42.364,,
43.826,,
31.413,,
43.77,,
19.06,,
9.149,,
73.317,,
61.531,,
62.481,,
62.274,,
37.272,,
21.349,,
19.053,,
22.96,,
34.789,,
30.905,,
29.91,,
29.733,,
25.583,,
21.035,,
26.249,,
42.206,,
53.154,,
48.572,,
27.637,,
25.567,,
18.877,,
19.86,,
38.754,,
31.929,,
43.946,,
33.287,,
43.478,,
43.54,,
34.077,,
49.041,,
27.487,,
44.023,,
50.89,,
28.775,,
35.913,,
35.397,,
38.213,,
32.838,,
26.723,,
35.382,,
38.605,,
42.004,,
48.184,,
41.102,,
40.89,,
28.364,,
40.565,,
31.503,,
42.13,,
43.233,,
14.119,,
16.646,,
17.194,,
37.143,,
33.64,,
37.622,,
37.868,,
43.639,,
41.508,,
39,,
38.487,,
39.787,,
34.791,,
37.802,,
30.451,,
35.25,,
28.224,,
26.178,,
39.599,,
21.818,,
13.951,,
50.252,,
66.566,,
28.76,,
34.157,,
1,,
24.753,,
26.067,,
48.682,,
31.881,,
24.944,,
31.867,,
45.827,,
51.86,,
24.878,,
41.971,,
56.271,,
50.236,,
52.6,,
51.855,,
59.24,,
46.765,,
38.568,,
50.322,,
50.032,,
41.867,,
38.113,,
25.966,,
21.311,,
9.417,,
38.348,,
53.798,,
55.058,,
62.275,,
58.506,,
63.418,,
51.247,,
56.736,,
50.987,,
69.502,,
59.018,,
70.007,,
36.407,,
38.849,,
35.998,,
33.385,,
42.564,,
27.199,,
22.243,,
58.563,,
58.426,,
42.176,,
36.415,,
74.411,,
74.174,,
39.711,,
40.245,,
37.859,,
17.294,,
10.914,,
37.772,,
42.285,,
36.899,,
31.466,,
40.766,,
9.072,,
12.619,,
35.429,,
35.27,,
4.95,,
20.417,,
14.506,,
67.28,,
60.675,,
2.392,,
49.212,,
40.578,,
14.499,,
14.286,,
33.518,,
35.986,,
17.974,,
35.701,,
38.864,,
41.389,,
45.735,,
78.918,,
75.374,,
72.872,,
71.84,,
71.334,,
66.982,,
37.09,,
48.248,,
40.747,,
60.52,,
56.133,,
30.302,,
22.13,,
40.575,,
40.428,,
65.269,,
38.015,,
19.467,,
11.786,,
17.724,,
87.333,,
87.901,,
22.793,,
25.067,,
54.635,,
50.204,,
40.008,,
63.735,,
41.135,,
38.529,,
34.671,,
41.837,,
37.186,,
36.809,,
34.143,,
36.91,,
36.47,,
9.299,,
5.6,,
18.633,,
7.56,,
24.019,,
15.484,,
16.094,,
16.339,,
15.292,,
21.977,,
17.123,,
16.05,,
14.711,,
13.286,,
23.911,,
31.388,,
15.358,,
38.155,,
40.745,,
36.82,,
37.787,,
38.423,,
34.003,,
20.744,,
2.618,,
18.484,,
23.05,,
21.534,,
15.146,,
15.39,,
35.831,,
40.746,,
36.144,,
36.851,,
32.986,,
24.066,,
22.182,,
32.221,,
16.06,,
13.643,,
14.513,,
12.521,,
71.013,,
89.412,,
22.215,,
2.536,,
3.593,,
31.432,,
77.434,,
73.293,,
82.159,,
4.244,,
3.845,,
3.27,,
3.356,,
43.213,,
37.092,,
4.342,,
8.705,,
7.339,,
8.723,,
9.231,,
5.887,,
4.696,,
3.298,,
31.26,,
10.731,,
7.235,,
38.148,,
37.126,,
6.399,,
65.361,,
17.161,,
18.6,,
4.791,,
6.217,,
5.671,,
20.002,,
2.694,,
2.357,,
0.733,,
23.795,,
24.887,,
23.955,,
1.298,,
28,,
38.988,,
36.338,,
34.232,,
23.072,,
65.707,,
12.351,,
9.859,,
10.783,,
11.527,,
11.043,,
12.378,,
19.441,,
19.064,,
7.181,,
27.864,,
35.022,,
26.111,,
24.351,,
1.888,,
23.604,,
1.747,,
20.108,,
35.816,,
46.269,,
46.269,,
23.011,,
28.082,,
4.718,,
4.937,,
1.424,,
32.559,,
43.827,,
33.35,,
12.768,,
11.627,,
40.432,,
35.802,,
35.714,,
35.777,,
33.949,,
7.038,,
30.116,,
23.741,,
33.876,,
22.161,,
27.054,,
8.954,,
12.087,,
9.769,,
13.66,,
10.696,,
2.867,,
24.051,,
82.695,,
8.273,,
29.142,,
28.86,,
16.342,,
40.466,,
51.205,,
50.485,,
42.276,,
39.085,,
43.907,,
44.555,,
39.548,,
75.432,,
97.207,,
18.92,,
20.812,,
18.929,,
26.343,,
16.946,,
30.017,,
27.175,,
18.61,,
17.264,,
19.11,,
22.049,,
17.376,,
16.701,,
18.944,,
15.659,,
16.315,,
33.925,,
23.536,,
22.28,,
17.981,,
20.077,,
21.632,,
25.151,,
19.57,,
24.588,,
22.1,,
19.883,,
26.142,,
7.381,,
56.425,,
2.696,,
19.097,,
10.55,,
10.29,,
9.997,,
9.813,,
8.425,,
7.914,,
9.467,,
9.406,,
6.814,,
33.674,,
27.474,,
24.643,,
11.546,,
22.716,,
15.443,,
15.072,,
19.466,,
17.269,,
18.214,,
14.413,,
16.919,,
21.318,,
17.368,,
30.331,,
31.535,,
52.996,,
55.215,,
60.858,,
56.531,,
56.423,,
61.259,,
50.049,,
52.835,,
10.19,,
9.214,,
7.598,,
8.638,,
7.776,,
20.53,,
17.894,,
14.757,,
7.761,,
1.472,,
5.129,,
3.672,,
2.008,,
1.631,,
6.652,,
22.124,,
4.489,,
21.138,,
2.557,,
16.91,,
18.397,,
52.419,,
42.804,,
35.899,,
41.521,,
45.942,,
36.999,,
39.746,,
37.566,,
41.74,,
48.358,,
111.914,,
110.762,,
10.332,,
1.215,,
5.684,,
34.871,,
33,,
57.422,,
4.481,,
4.188,,
20.531,,
30.485,,
31.588,,
29.627,,
28.896,,
31.583,,
30.963,,
61.466,,
19.029,,
34.907,,
23.411,,
82.472,,
35.503,,
20.377,,
21.178,,
11.592,,
14.687,,
9.203,,
19.502,,
16.773,,
11.166,,
7.684,,
5.469,,
13.338,,
12.331,,
22.539,,
7.535,,
6.82,,
9.22,,
7.723,,
61.889,,
23.741,,
4.104,,
3.187,,
6.601,,
4.603,,
3.314,,
3.313,,
10.17,,
9.297,,
11.489,,
9.294,,
9.492,,
9.484,,
57.361,,
27.021,,
17.904,,
9.878,,
12.375,,
22.92,,
6.866,,
50.308,,
24.293,,
26.819,,
25.225,,
21.166,,
23.012,,
12.191,,
15.789,,
5.694,,
69.873,,
53.662,,
37.211,,
28.736,,
30.605,,
4.485,,
4.395,,
3.801,,
14.237,,
128.952,,
5.11,,
4.857,,
56.777,,
51.85,,
19.231,,
6.871,,
5.224,,
13.485,,
6.445,,
5.014,,
16.528,,
8.164,,
23.894,,
2.74,,
7.363,,
5.344,,
26.409,,
15.165,,
1.44,,
14.068,,
12.821,,
16.798,,
10.649,,
33.647,,
22.421,,
8.005,,
2.982,,
8.547,,
7.32,,
3.071,,
31.67,,
30.353,,
22.105,,
11.74,,
11.898,,
35.766,,
85.331,,
85.008,,
82.848,,
3.731,,
3.894,,
4.631,,
5.118,,
4.902,,
3.811,,
3.091,,
4.718,,
6.224,,
4.524,,
3.983,,
3.712,,
4.515,,
4.073,,
3.419,,
3.833,,
3.467,,
3.362,,
4.84,,
4.415,,
5.379,,
8.228,,
3.024,,
5.768,,
16.167,,
8.229,,
44.805,,
3.491,,
3.532,,
2.662,,
161.741,,
149.07,,
78.279,,
77.306,,
79.728,,
76.094,,
32.399,,
106.614,,
92.508,,
38.346,,
10.562,,
16.818,,
13.249,,
1.664,,
12.219,,
2.97,,
17.161,,
11.458,,
7.535,,
10.469,,
9.335,,
9.819,,
6.653,,
12.417,,
9.437,,
24.347,,
22.77,,
2.212,,
1.435,,
12.818,,
2.1,,
7.806,,
8.547,,
7.707,,
32.169,,
2.645,,
7.38,,
25.066,,
28.712,,
12.731,,
3.586,,
3.339,,
1.412,,
36.424,,
35.141,,
29.913,,
92.519,,
88.821,,
12.079,,
31.297,,
44.936,,
36.144,,
7.133,,
6.582,,
44.73,,
9.649,,
4.61,,
22.036,,
28.235,,
25.51,,
18.613,,
12.85,,
54.849,,
45.13,,
45.777,,
29.459,,
34.633,,
18.037,,
20.05,,
16.459,,
29.803,,
20.99,,
13.186,,
12.933,,
11.014,,
9.299,,
13.256,,
72.161,,
12.594,,
14.069,,
2.29,,
28.232,,
13.554,,
14.508,,
19.39,,
10.277,,
7.068,,
58.331,,
56.537,,
39.001,,
35.725,,
61.043,,
65.679,,
84.93,,
28.406,,
24.412,,
23.402,,
26.388,,
14.829,,
24.188,,
19.691,,
6.489,,
6.472,,
4.269,,
3.679,,
3.707,,
2.21,,
32.129,,
52.386,,
47.127,,
49.695,,
29.929,,
15.553,,
16.527,,
19.876,,
7.808,,
20.912,,
6.462,,
24.658,,
18.535,,
20.093,,
7.305,,
12.545,,
12.494,,
25.259,,
43.79,,
19.428,,
23.324,,
41.467,,
37.124,,
66.851,,
62.439,,
55.702,,
54.766,,
6.249,,
9.222,,
1.077,,
0.917,,
0.957,,
8.734,,
21.517,,
54.981,,
16.03,,
20.52,,
6.857,,
7.589,,
16.627,,
5.125,,
34.64,,
39.013,,
33.988,,
4.238,,
17.746,,
18.05,,
39.323,,
38.017,,
36.826,,
2.559,,
2.338,,
34.881,,
33.928,,
33.844,,
32.75,,
26.534,,
21.169,,
6.95,,
17.689,,
4.022,,
34.015,,
54.024,,
54.585,,
51.476,,
54.06,,
57.65,,
47.098,,
35.821,,
1.39,,
25.619,,
1.295,,
14.167,,
1.524,,
17.682,,
12.503,,
12.074,,
10.462,,
13.054,,
11.066,,
18.267,,
43.908,,
20.266,,
18.893,,
5.854,,
10.606,,
10.091,,
7.982,,
7.862,,
12.488,,
7.431,,
65.382,,
52.813,,
37.907,,
54.732,,
2.257,,
2.058,,
46.028,,
1.965,,
46.748,,
57.592,,
12.928,,
101.609,,
37.955,,
71.472,,
63.655,,
15.843,,
34.494,,
29.875,,
9.067,,
13.111,,
12.281,,
9.45,,
35.377,,
31.583,,
27.856,,
32.832,,
33.804,,
39.858,,
31.694,,
32.438,,
35.459,,
31.492,,
34.5,,
23.752,,
40.351,,
15.263,,
17.208,,
1.808,,
3.512,,
33.668,,
29.767,,
37.562,,
40.568,,
34.372,,
6.528,,
1.813,,
6.571,,
7.024,,
8.404,,
42.433,,
39.037,,
39.247,,
30.865,,
29.087,,
28.181,,
18.998,,
38.731,,
5.882,,
35.461,,
43.304,,
12.053,,
16.997,,
15.583,,
13.011,,
36.03,,
33.825,,
33.193,,
29.957,,
36.868,,
29.292,,
37.398,,
27.854,,
25.888,,
21.701,,
34.661,,
19.303,,
30.441,,
22.386,,
18.447,,
1.135,,
12.436,,
27.918,,
13.071,,
9.484,,
16.305,,
2.293,,
1.714,,
0.948,,
72.355,,
42.189,,
45.768,,
47.855,,
48.344,,
53.054,,
49.593,,
50.755,,
51.741,,
5.666,,
34.441,,
44.706,,
28.989,,
3.67,,
1.363,,
3.394,,
2.265,,
2.837,,
3.852,,
3.488,,
2.624,,
2.987,,
1.813,,
2.351,,
4.067,,
3.778,,
4.707,,
9.708,,
6.122,,
8.587,,
5.495,,
6.002,,
5.424,,
5.142,,
6.068,,
78.094,,
72.004,,
34.566,,
74.751,,
77.742,,
19.871,,
55.734,,
1.724,,
43.815,,
0.99,,
1.902,,
22.376,,
19.496,,
81.022,,
68.282,,
72.024,,
70.131,,
36.415,,
64.297,,
3.448,,
66.532,,
38.144,,
27.008,,
9.145,,
49.454,,
42.761,,
43.593,,
39.14,,
28.58,,
20.92,,
55.226,,
54.018,,
5.537,,
4.227,,
3.311,,
5.881,,
55.567,,
4.222,,
4.07,,
3.498,,
2.622,,
4.942,,
7.122,,
1.57,,
5.64,,
5.648,,
10.579,,
17.728,,
15.084,,
44.579,,
47.654,,
3.946,,
2.642,,
12.929,,
20.23,,
32.054,,
35.429,,
2.174,,
20.295,,
17.08,,
16.938,,
29.244,,
11.048,,
12.609,,
12.33,,
11.781,,
23.338,,
28.828,,
26.846,,
17.985,,
25.339,,
4.996,,
21.272,,
24.405,,
4.855,,
18.287,,
5.002,,
5.042,,
16.699,,
39.295,,
12.304,,
42.542,,
51.197,,
42.482,,
10.395,,
56.695,,
42.318,,
41.854,,
37.436,,
31.235,,
39.317,,
31.966,,
13.658,,
22.074,,
24.212,,
30.738,,
32.287,,
31.491,,
3.678,,
30.915,,
30.401,,
4.023,,
18.096,,
30.15,,
15.888,,
13.933,,
14.102,,
34.163,,
2.043,,
4.04,,
31.186,,
3.307,,
14.362,,
14.216,,
32.919,,
31.054,,
33.048,,
12.153,,
16.139,,
17.524,,
15.895,,
1.099,,
30.579,,
3.394,,
29.63,,
3.334,,
31.832,,
6.296,,
1.662,,
5.059,,
1.282,,
10.961,,
0.84,,
1.832,,
21.608,,
25.729,,
21.313,,
28.004,,
30.344,,
28.519,,
22.055,,
14.295,,
20.482,,
20.099,,
19.268,,
18.914,,
12.42,,
16.542,,
19.28,,
18.809,,
60.56,,
63.781,,
31.43,,
43.113,,
29.837,,
19.614,,
1.886,,
18.503,,
59.614,,
50.776,,
17.307,,
18.786,,
33.258,,
72.677,,
49.824,,
40.374,,
42.129,,
20.234,,
94.74,,
18.758,,
79.947,,
59.118,,
69.322,,
44.224,,
2.189,,
2.348,,
2.896,,
48.241,,
48.09,,
4.422,,
54.444,,
26.162,,
55.06,,
51.164,,
19.907,,
23.327,,
47.105,,
28.83,,
43.185,,
2.405,,
1.883,,
29.713,,
54.942,,
43.313,,
53.153,,
40.813,,
43.427,,
48.367,,
55.465,,
4.365,,
54.87,,
54.574,,
1.242,,
22.806,,
46.524,,
48.244,,
8.747,,
1.511,,
6.954,,
6.247,,
81.466,,
64.916,,
3.109,,
1.728,,
3.372,,
4.388,,
4.192,,
2.219,,
42.595,,
1.036,,
7.887,,
1.124,,
7.951,,
40.309,,
32.826,,
35.227,,
15.727,,
9.802,,
72.375,,
50.537,,
55.231,,
54.432,,
50.851,,
50.251,,
59.199,,
55.295,,
43.209,,
8.889,,
28.977,,
41.322,,
38.79,,
6.049,,
6.595,,
42.377,,
37.128,,
82.488,,
77.452,,
10.643,,
32.278,,
51.824,,
46.64,,
45.907,,
41.113,,
31.133,,
27.905,,
31.579,,
28.982,,
27.322,,
28.962,,
26.095,,
21.937,,
24.586,,
27.427,,
27.027,,
20.734,,
24.999,,
26.111,,
59.697,,
39.681,,
42.887,,
46.049,,
39.528,,
2.256,,
2.555,,
1.858,,
1.447,,
2.179,,
65.076,,
42.99,,
35.571,,
32.371,,
40.848,,
43.699,,
35.267,,
114.266,,
109.33,,
117.48,,
27.057,,
24.624,,
72.299,,
70.608,,
19.888,,
4.469,,
6.939,,
2.443,,
2.059,,
23.76,,
16.557,,
13.871,,
13.65,,
20.179,,
21.082,,
17.651,,
24.554,,
14.948,,
6.48,,
6.864,,
8.018,,
15.906,,
3.095,,
2.563,,
2.208,,
7.88,,
29.95,,
64.814,,
67.574,,
20.97,,
27.473,,
0.892,,
23.447,,
26.083,,
13.886,,
14.277,,
5.654,,
4.871,,
29.463,,
29.898,,
21.546,,
135.492,,
142.749,,
31.817,,
28.524,,
33.361,,
27.44,,
3.009,,
1.466,,
2.667,,
1.402,,
18.275,,
20.394,,
28.154,,
2.051,,
1.253,,
2.854,,
29.818,,
32.776,,
28.083,,
28.563,,
33.784,,
22.945,,
50.791,,
32.623,,
35.303,,
30.892,,
8.65,,
8.229,,
8.859,,
8.56,,
13.502,,
16.464,,
8.197,,
9.314,,
52.88,,
44.314,,
48.312,,
44.327,,
46.494,,
51.758,,
46.467,,
26.891,,
30.159,,
32.553,,
11.258,,
7.469,,
11.906,,
7.959,,
4.494,,
4.84,,
4.803,,
4.335,,
4.494,,
3.706,,
1.471,,
57.534,,
7.998,,
2.454,,
11.8,,
4.31,,
42.047,,
0.99,,
4.442,,
3.979,,
19.963,,
77.95,,
33.412,,
28.647,,
38.2,,
26.356,,
22.618,,
