key, P864   , P864e2
AAA, 0.05102, 0.0026
AAC, 0.03704, 0.00137
AAD, 0.0087 , 0.00008
AAE, 0.00637, 0.00004
AAF, 0.08065, 0.0065
AAG, 0.0463 , 0.00214
AAH, 0.06667, 0.00444
AAI, 0.01639, 0.00027
AAK, 0.03704, 0.00137
AAL, 0.01163, 0.00014
AAM, 0.02632, 0.00069
AAN, 0.02817, 0.00079
AAP, 0.02857, 0.00082
AAQ, 0.06383, 0.00407
AAR, 0.04167, 0.00174
AAS, 0.04065, 0.00165
AAT, 0.06383, 0.00407
AAV, 0.07639, 0.00584
AAW, 0.04545, 0.00207
AAY, 0.04918, 0.00242
AA_, 0      , 0
ACA, 0      , 0
ACC, 0      , 0
ACD, 0.04762, 0.00227
ACE, 0.07143, 0.0051
ACF, 0.05882, 0.00346
ACG, 0.08333, 0.00694
ACH, 0.05882, 0.00346
ACI, 0      , 0
ACK, 0      , 0
ACL, 0      , 0
ACM, 0.2    , 0.04
ACN, 0      , 0
ACP, 0      , 0
ACQ, 0.10526, 0.01108
ACR, 0.11765, 0.01384
ACS, 0.125  , 0.01562
ACT, 0.05556, 0.00309
ACV, 0.17857, 0.03189
ACW, 0      , 0
ACY, 0      , 0
ADA, 0      , 0
ADC, 0.03846, 0.00148
ADD, 0.04167, 0.00174
ADE, 0.0098 , 0.0001
ADF, 0.06349, 0.00403
ADG, 0.04854, 0.00236
ADH, 0.04545, 0.00207
ADI, 0.01613, 0.00026
ADK, 0.06863, 0.00471
ADL, 0.04516, 0.00204
ADM, 0.05556, 0.00309
ADN, 0.09615, 0.00925
ADP, 0.02857, 0.00082
ADQ, 0.05263, 0.00277
ADR, 0.01205, 0.00015
ADS, 0.04444, 0.00198
ADT, 0.06849, 0.00469
ADV, 0.07857, 0.00617
ADW, 0      , 0
ADY, 0.02817, 0.00079
AD_, 0      , 0
AEA, 0.03191, 0.00102
AEC, 0.04545, 0.00207
AED, 0.09483, 0.00899
AEE, 0.0679 , 0.00461
AEF, 0.16667, 0.02778
AEG, 0.05607, 0.00314
AEH, 0.16667, 0.02778
AEI, 0.06838, 0.00468
AEK, 0.02564, 0.00066
AEL, 0.03922, 0.00154
AEM, 0.05405, 0.00292
AEN, 0.04396, 0.00193
AEP, 0.04819, 0.00232
AEQ, 0.03261, 0.00106
AER, 0.02857, 0.00082
AES, 0.03797, 0.00144
AET, 0.01149, 0.00013
AEV, 0.02069, 0.00043
AEW, 0.03448, 0.00119
AEY, 0.04545, 0.00207
AE_, 0.125  , 0.01562
AFA, 0.09677, 0.00937
AFC, 0.17647, 0.03114
AFD, 0.12121, 0.01469
AFE, 0.13043, 0.01701
AFF, 0.06452, 0.00416
AFG, 0.07937, 0.0063
AFH, 0.11111, 0.01235
AFI, 0.15789, 0.02493
AFK, 0.16129, 0.02601
AFL, 0.14865, 0.0221
AFM, 0.15385, 0.02367
AFN, 0.04167, 0.00174
AFP, 0.10256, 0.01052
AFQ, 0.10811, 0.01169
AFR, 0.05263, 0.00277
AFS, 0.05882, 0.00346
AFT, 0.15909, 0.02531
AFV, 0.0678 , 0.0046
AFW, 0      , 0
AFY, 0.08   , 0.0064
AF_, 0      , 0
AGA, 0.08   , 0.0064
AGC, 0      , 0
AGD, 0.01031, 0.00011
AGE, 0.03093, 0.00096
AGF, 0.04   , 0.0016
AGG, 0.06452, 0.00416
AGH, 0.10526, 0.01108
AGI, 0.1039 , 0.01079
AGK, 0.04348, 0.00189
AGL, 0.032  , 0.00102
AGM, 0      , 0
AGN, 0.05769, 0.00333
AGP, 0.01923, 0.00037
AGQ, 0.07353, 0.00541
AGR, 0.06849, 0.00469
AGS, 0.0463 , 0.00214
AGT, 0.06383, 0.00407
AGV, 0.03093, 0.00096
AGW, 0.08333, 0.00694
AGY, 0.07692, 0.00592
AG_, 0      , 0
AHA, 0.19048, 0.03628
AHC, 0.27778, 0.07716
AHD, 0.12121, 0.01469
AHE, 0.14286, 0.02041
AHF, 0.125  , 0.01562
AHG, 0.21053, 0.04432
AHH, 0.1    , 0.01
AHI, 0.15625, 0.02441
AHK, 0.13793, 0.01902
AHL, 0.06   , 0.0036
AHM, 0.25   , 0.0625
AHN, 0.05263, 0.00277
AHP, 0.11111, 0.01235
AHQ, 0.12121, 0.01469
AHR, 0.03226, 0.00104
AHS, 0.11429, 0.01306
AHT, 0.23333, 0.05444
AHV, 0.15625, 0.02441
AHW, 0.16667, 0.02778
AHY, 0.14286, 0.02041
AH_, 0      , 0
AIA, 0.02985, 0.00089
AIC, 0.09091, 0.00826
AID, 0.05814, 0.00338
AIE, 0.05051, 0.00255
AIF, 0.02439, 0.00059
AIG, 0.04348, 0.00189
AIH, 0.11429, 0.01306
AII, 0.0566 , 0.0032
AIK, 0.04598, 0.00211
AIL, 0.09709, 0.00943
AIM, 0.13333, 0.01778
AIN, 0.07018, 0.00492
AIP, 0.06122, 0.00375
AIQ, 0.02222, 0.00049
AIR, 0.09195, 0.00846
AIS, 0.05556, 0.00309
AIT, 0.12048, 0.01452
AIV, 0.05714, 0.00327
AIW, 0      , 0
AIY, 0.02381, 0.00057
AI_, 0      , 0
AKA, 0.06849, 0.00469
AKC, 0.03571, 0.00128
AKD, 0.0202 , 0.00041
AKE, 0.03759, 0.00141
AKF, 0.04918, 0.00242
AKG, 0.06316, 0.00399
AKH, 0.06061, 0.00367
AKI, 0.11111, 0.01235
AKK, 0.08696, 0.00756
AKL, 0.08333, 0.00694
AKM, 0.02326, 0.00054
AKN, 0.01266, 0.00016
AKP, 0      , 0
AKQ, 0.05128, 0.00263
AKR, 0.0411 , 0.00169
AKS, 0.08046, 0.00647
AKT, 0.06818, 0.00465
AKV, 0.07965, 0.00634
AKW, 0.14286, 0.02041
AKY, 0.05172, 0.00268
AK_, 0.09091, 0.00826
ALA, 0.06316, 0.00399
ALC, 0.10811, 0.01169
ALD, 0.08088, 0.00654
ALE, 0.05495, 0.00302
ALF, 0.07042, 0.00496
ALG, 0.04667, 0.00218
ALH, 0.09091, 0.00826
ALI, 0.0531 , 0.00282
ALK, 0.08025, 0.00644
ALL, 0.05116, 0.00262
ALM, 0.03846, 0.00148
ALN, 0.08696, 0.00756
ALP, 0.03   , 0.0009
ALQ, 0.06122, 0.00375
ALR, 0.04196, 0.00176
ALS, 0.05625, 0.00316
ALT, 0.04505, 0.00203
ALV, 0.08392, 0.00704
ALW, 0.06667, 0.00444
ALY, 0.03659, 0.00134
AL_, 0      , 0
AMA, 0.03846, 0.00148
AMC, 0.125  , 0.01562
AMD, 0.05   , 0.0025
AME, 0.04348, 0.00189
AMF, 0      , 0
AMG, 0.21053, 0.04432
AMH, 0.03846, 0.00148
AMI, 0.17857, 0.03189
AMK, 0      , 0
AML, 0.14583, 0.02127
AMM, 0.05882, 0.00346
AMN, 0      , 0
AMP, 0.05882, 0.00346
AMQ, 0.19048, 0.03628
AMR, 0.03846, 0.00148
AMS, 0.10256, 0.01052
AMT, 0.04   , 0.0016
AMV, 0.08824, 0.00779
AMW, 0      , 0
AMY, 0.13333, 0.01778
AM_, 0      , 0
ANA, 0      , 0
ANC, 0.13333, 0.01778
AND, 0.05882, 0.00346
ANE, 0.01724, 0.0003
ANF, 0.04762, 0.00227
ANG, 0.1    , 0.01
ANH, 0.08   , 0.0064
ANI, 0.09412, 0.00886
ANK, 0.05797, 0.00336
ANL, 0.08491, 0.00721
ANM, 0.09524, 0.00907
ANN, 0.05769, 0.00333
ANP, 0.05556, 0.00309
ANQ, 0.05769, 0.00333
ANR, 0.02083, 0.00043
ANS, 0.12069, 0.01457
ANT, 0.09524, 0.00907
ANV, 0.1    , 0.01
ANW, 0      , 0
ANY, 0.17073, 0.02915
AN_, 0      , 0
APA, 0      , 0
APC, 0      , 0
APD, 0.04706, 0.00221
APE, 0.01235, 0.00015
APF, 0.07692, 0.00592
APG, 0.05263, 0.00277
APH, 0      , 0
API, 0.08451, 0.00714
APK, 0.05769, 0.00333
APL, 0.01786, 0.00032
APM, 0.10526, 0.01108
APN, 0.03922, 0.00154
APP, 0.04918, 0.00242
APQ, 0      , 0
APR, 0.11364, 0.01291
APS, 0.025  , 0.00063
APT, 0      , 0
APV, 0.03846, 0.00148
APW, 0.05882, 0.00346
APY, 0.03571, 0.00128
AP_, 0      , 0
AQA, 0.12963, 0.0168
AQC, 0.18519, 0.03429
AQD, 0.0678 , 0.0046
AQE, 0.04412, 0.00195
AQF, 0.06383, 0.00407
AQG, 0.03797, 0.00144
AQH, 0.07317, 0.00535
AQI, 0.13699, 0.01877
AQK, 0.04286, 0.00184
AQL, 0.01626, 0.00026
AQM, 0.17143, 0.02939
AQN, 0.04444, 0.00198
AQP, 0.05405, 0.00292
AQQ, 0.06977, 0.00487
AQR, 0.0411 , 0.00169
AQS, 0.05357, 0.00287
AQT, 0.10606, 0.01125
AQV, 0.12   , 0.0144
AQW, 0.09524, 0.00907
AQY, 0.02174, 0.00047
AQ_, 0      , 0
ARA, 0.03636, 0.00132
ARC, 0.0625 , 0.00391
ARD, 0.08235, 0.00678
ARE, 0.06422, 0.00412
ARF, 0.08   , 0.0064
ARG, 0.10588, 0.01121
ARH, 0.03571, 0.00128
ARI, 0.12195, 0.01487
ARK, 0.09859, 0.00972
ARL, 0.06849, 0.00469
ARM, 0.16667, 0.02778
ARN, 0.07937, 0.0063
ARP, 0.12245, 0.01499
ARQ, 0.09231, 0.00852
ARR, 0.03614, 0.00131
ARS, 0.04286, 0.00184
ART, 0.07576, 0.00574
ARV, 0.05217, 0.00272
ARW, 0.05882, 0.00346
ARY, 0.0566 , 0.0032
AR_, 0      , 0
ASA, 0.09231, 0.00852
ASC, 0.09091, 0.00826
ASD, 0.01471, 0.00022
ASE, 0.06579, 0.00433
ASF, 0.04225, 0.00179
ASG, 0.05983, 0.00358
ASH, 0.11111, 0.01235
ASI, 0.02353, 0.00055
ASK, 0      , 0
ASL, 0.06757, 0.00457
ASM, 0.02326, 0.00054
ASN, 0.06122, 0.00375
ASP, 0.02299, 0.00053
ASQ, 0.08621, 0.00743
ASR, 0.04412, 0.00195
ASS, 0.04918, 0.00242
AST, 0.04348, 0.00189
ASV, 0.07627, 0.00582
ASW, 0      , 0
ASY, 0.04918, 0.00242
AS_, 0      , 0
ATA, 0.07937, 0.0063
ATC, 0.03448, 0.00119
ATD, 0.05263, 0.00277
ATE, 0.04651, 0.00216
ATF, 0.08   , 0.0064
ATG, 0.03061, 0.00094
ATH, 0      , 0
ATI, 0.01266, 0.00016
ATK, 0.12281, 0.01508
ATL, 0.06757, 0.00457
ATM, 0.04348, 0.00189
ATN, 0.09836, 0.00967
ATP, 0.05172, 0.00268
ATQ, 0.06667, 0.00444
ATR, 0.04762, 0.00227
ATS, 0.04615, 0.00213
ATT, 0.07143, 0.0051
ATV, 0.01869, 0.00035
ATW, 0      , 0
ATY, 0.05357, 0.00287
AT_, 0      , 0
AVA, 0.01449, 0.00021
AVC, 0.03333, 0.00111
AVD, 0.04255, 0.00181
AVE, 0.10784, 0.01163
AVF, 0.05769, 0.00333
AVG, 0.04808, 0.00231
AVH, 0.11429, 0.01306
AVI, 0.07317, 0.00535
AVK, 0.05102, 0.0026
AVL, 0.09559, 0.00914
AVM, 0.06667, 0.00444
AVN, 0.0411 , 0.00169
AVP, 0.10294, 0.0106
AVQ, 0.04348, 0.00189
AVR, 0.07368, 0.00543
AVS, 0.08696, 0.00756
AVT, 0.09709, 0.00943
AVV, 0.04124, 0.0017
AVW, 0.15789, 0.02493
AVY, 0.06897, 0.00476
AV_, 0      , 0
AWA, 0.14286, 0.02041
AWC, 0.375  , 0.14062
AWD, 0.05   , 0.0025
AWE, 0      , 0
AWF, 0.08333, 0.00694
AWG, 0.33333, 0.11111
AWH, 0.25   , 0.0625
AWI, 0.08333, 0.00694
AWK, 0.17391, 0.03025
AWL, 0.07692, 0.00592
AWM, 0.16667, 0.02778
AWN, 0.21429, 0.04592
AWP, 0.04348, 0.00189
AWQ, 0      , 0
AWR, 0.21053, 0.04432
AWS, 0.04167, 0.00174
AWT, 0.15385, 0.02367
AWV, 0.27273, 0.07438
AWW, 0      , 0
AWY, 0.08333, 0.00694
AW_, 0      , 0
AYA, 0.05556, 0.00309
AYC, 0.125  , 0.01562
AYD, 0.0625 , 0.00391
AYE, 0.16071, 0.02583
AYF, 0.10526, 0.01108
AYG, 0.09375, 0.00879
AYH, 0.05   , 0.0025
AYI, 0.08333, 0.00694
AYK, 0.09524, 0.00907
AYL, 0.13043, 0.01701
AYM, 0.07692, 0.00592
AYN, 0.1    , 0.01
AYP, 0.08333, 0.00694
AYQ, 0.10526, 0.01108
AYR, 0.075  , 0.00562
AYS, 0.09615, 0.00925
AYT, 0.24528, 0.06016
AYV, 0.05882, 0.00346
AYW, 0.1    , 0.01
AYY, 0.17647, 0.03114
AY_, 0      , 0
CAC, 0      , 0
CAD, 0.13333, 0.01778
CAE, 0.125  , 0.01562
CAF, 0      , 0
CAG, 0.08333, 0.00694
CAH, 0      , 0
CAI, 0.13333, 0.01778
CAK, 0      , 0
CAL, 0      , 0
CAM, 0.2    , 0.04
CAN, 0.05   , 0.0025
CAP, 0.05556, 0.00309
CAQ, 0      , 0
CAR, 0.05263, 0.00277
CAS, 0.03226, 0.00104
CAT, 0      , 0
CAV, 0.06667, 0.00444
CAW, 0      , 0
CAY, 0      , 0
CA_, 0      , 0
CCD, 0.13333, 0.01778
CCE, 0      , 0
CCF, 0.125  , 0.01562
CCG, 0      , 0
CCH, 0.33333, 0.11111
CCI, 0.6    , 0.36
CCK, 0      , 0
CCL, 0.125  , 0.01562
CCM, 0      , 0
CCN, 0      , 0
CCP, 0.14286, 0.02041
CCQ, 0.33333, 0.11111
CCR, 0      , 0
CCS, 0.06667, 0.00444
CCT, 0      , 0
CCV, 0      , 0
CCY, 0      , 0
CDC, 0.25   , 0.0625
CDD, 0.07143, 0.0051
CDE, 0.17241, 0.02973
CDF, 0.17391, 0.03025
CDG, 0.15   , 0.0225
CDH, 0.25   , 0.0625
CDI, 0      , 0
CDK, 0.06897, 0.00476
CDL, 0.11111, 0.01235
CDM, 0.22222, 0.04938
CDN, 0.06667, 0.00444
CDP, 0      , 0
CDQ, 0      , 0
CDR, 0.2    , 0.04
CDS, 0.13333, 0.01778
CDT, 0.05   , 0.0025
CDV, 0      , 0
CDW, 0      , 0
CDY, 0.17647, 0.03114
CD_, 0      , 0
CEC, 0      , 0
CED, 0.07407, 0.00549
CEE, 0.10811, 0.01169
CEF, 0.09091, 0.00826
CEG, 0.07143, 0.0051
CEH, 0.07692, 0.00592
CEI, 0.16129, 0.02601
CEK, 0.06897, 0.00476
CEL, 0.12195, 0.01487
CEM, 0.07692, 0.00592
CEN, 0      , 0
CEP, 0.05   , 0.0025
CEQ, 0      , 0
CER, 0.14286, 0.02041
CES, 0.09524, 0.00907
CET, 0.05263, 0.00277
CEV, 0.04348, 0.00189
CEW, 0.2    , 0.04
CEY, 0      , 0
CFC, 0      , 0
CFD, 0.25   , 0.0625
CFE, 0.07692, 0.00592
CFF, 0.07692, 0.00592
CFG, 0.14286, 0.02041
CFH, 0.14286, 0.02041
CFI, 0      , 0
CFK, 0.08333, 0.00694
CFL, 0.31818, 0.10124
CFM, 0.11111, 0.01235
CFN, 0.22222, 0.04938
CFP, 0      , 0
CFQ, 0.25   , 0.0625
CFR, 0.07143, 0.0051
CFS, 0.1875 , 0.03516
CFT, 0.28571, 0.08163
CFV, 0      , 0
CFW, 0      , 0
CFY, 0.2    , 0.04
CGC, 0      , 0
CGD, 0.04762, 0.00227
CGE, 0.15152, 0.02296
CGF, 0      , 0
CGG, 0.05882, 0.00346
CGH, 0.16667, 0.02778
CGI, 0.29412, 0.08651
CGK, 0      , 0
CGL, 0.05263, 0.00277
CGM, 0      , 0
CGN, 0      , 0
CGP, 0      , 0
CGQ, 0      , 0
CGR, 0.04167, 0.00174
CGS, 0.11111, 0.01235
CGT, 0.13333, 0.01778
CGV, 0.17391, 0.03025
CGW, 0.2    , 0.04
CGY, 0      , 0
CG_, 0.33333, 0.11111
CHD, 0      , 0
CHE, 0.3    , 0.09
CHF, 0      , 0
CHG, 0.16667, 0.02778
CHH, 0      , 0
CHI, 0.1    , 0.01
CHK, 0.08333, 0.00694
CHL, 0      , 0
CHM, 0      , 0
CHN, 0      , 0
CHP, 0.07143, 0.0051
CHQ, 0.16667, 0.02778
CHR, 0      , 0
CHS, 0.15385, 0.02367
CHT, 0      , 0
CHV, 0.1    , 0.01
CHW, 0.33333, 0.11111
CHY, 0      , 0
CIC, 0      , 0
CID, 0      , 0
CIE, 0.14286, 0.02041
CIF, 0      , 0
CIG, 0.2    , 0.04
CIH, 0      , 0
CII, 0.11111, 0.01235
CIK, 0.05556, 0.00309
CIL, 0.15789, 0.02493
CIM, 0.14286, 0.02041
CIN, 0.05556, 0.00309
CIP, 0      , 0
CIQ, 0      , 0
CIR, 0.07692, 0.00592
CIS, 0.05263, 0.00277
CIT, 0      , 0
CIV, 0.07407, 0.00549
CIW, 0      , 0
CIY, 0.13333, 0.01778
CKC, 1      , 1
CKD, 0.05263, 0.00277
CKE, 0.09677, 0.00937
CKF, 0.05556, 0.00309
CKG, 0.03704, 0.00137
CKH, 0      , 0
CKI, 0.05556, 0.00309
CKK, 0.05556, 0.00309
CKL, 0.07407, 0.00549
CKM, 0      , 0
CKN, 0.15   , 0.0225
CKP, 0      , 0
CKQ, 0      , 0
CKR, 0.1    , 0.01
CKS, 0      , 0
CKT, 0.05556, 0.00309
CKV, 0.04167, 0.00174
CKW, 0.11111, 0.01235
CKY, 0      , 0
CK_, 0      , 0
CLC, 0      , 0
CLD, 0.17241, 0.02973
CLE, 0.12903, 0.01665
CLF, 0.04   , 0.0016
CLG, 0.23333, 0.05444
CLH, 0.14286, 0.02041
CLI, 0.09091, 0.00826
CLK, 0.10345, 0.0107
CLL, 0.09524, 0.00907
CLM, 0.14286, 0.02041
CLN, 0      , 0
CLP, 0      , 0
CLQ, 0.06667, 0.00444
CLR, 0.13514, 0.01826
CLS, 0.15152, 0.02296
CLT, 0.13333, 0.01778
CLV, 0.06452, 0.00416
CLW, 0      , 0
CLY, 0.22222, 0.04938
CL_, 0      , 0
CMC, 0      , 0
CMD, 0      , 0
CME, 0      , 0
CMF, 0      , 0
CMG, 0.11111, 0.01235
CMH, 0      , 0
CMI, 0      , 0
CMK, 0      , 0
CML, 0.57143, 0.32653
CMM, 1      , 1
CMN, 0      , 0
CMP, 0      , 0
CMQ, 0.33333, 0.11111
CMR, 0      , 0
CMS, 0      , 0
CMT, 0.25   , 0.0625
CMV, 0.15385, 0.02367
CMW, 0      , 0
CMY, 0      , 0
CM_, 0.33333, 0.11111
CNC, 0      , 0
CND, 0.05263, 0.00277
CNE, 0.09524, 0.00907
CNF, 0      , 0
CNG, 0      , 0
CNH, 0      , 0
CNI, 0.0625 , 0.00391
CNK, 0      , 0
CNL, 0      , 0
CNM, 0      , 0
CNN, 0.14286, 0.02041
CNP, 0      , 0
CNQ, 0      , 0
CNR, 0.0625 , 0.00391
CNS, 0.04348, 0.00189
CNT, 0      , 0
CNV, 0.05263, 0.00277
CNW, 0      , 0
CNY, 0      , 0
CPC, 0      , 0
CPD, 0.1    , 0.01
CPE, 0.03846, 0.00148
CPF, 0      , 0
CPG, 0.0625 , 0.00391
CPH, 0      , 0
CPI, 0      , 0
CPK, 0      , 0
CPL, 0.04   , 0.0016
CPM, 0      , 0
CPN, 0      , 0
CPP, 0      , 0
CPQ, 0      , 0
CPR, 0.1    , 0.01
CPS, 0.125  , 0.01562
CPT, 0      , 0
CPV, 0.04545, 0.00207
CPW, 0      , 0
CPY, 0.25   , 0.0625
CQC, 0.33333, 0.11111
CQD, 0.11111, 0.01235
CQE, 0.1    , 0.01
CQF, 0      , 0
CQG, 0.07407, 0.00549
CQH, 0.09091, 0.00826
CQI, 0      , 0
CQK, 0      , 0
CQL, 0.04167, 0.00174
CQM, 0.28571, 0.08163
CQN, 0.23077, 0.05325
CQP, 0      , 0
CQQ, 0      , 0
CQR, 0.14286, 0.02041
CQS, 0.1    , 0.01
CQT, 0.1    , 0.01
CQV, 0.23077, 0.05325
CQW, 0      , 0
CQY, 0      , 0
CRC, 0      , 0
CRD, 0.03125, 0.00098
CRE, 0.03571, 0.00128
CRF, 0.16667, 0.02778
CRG, 0.14815, 0.02195
CRH, 0      , 0
CRI, 0      , 0
CRK, 0.25   , 0.0625
CRL, 0.03448, 0.00119
CRM, 0.09091, 0.00826
CRN, 0.11765, 0.01384
CRP, 0.03846, 0.00148
CRQ, 0      , 0
CRR, 0.125  , 0.01562
CRS, 0.13333, 0.01778
CRT, 0.05882, 0.00346
CRV, 0.10811, 0.01169
CRW, 0      , 0
CRY, 0.07692, 0.00592
CR_, 0      , 0
CSC, 0      , 0
CSD, 0.18182, 0.03306
CSE, 0      , 0
CSF, 0.11538, 0.01331
CSG, 0.02941, 0.00087
CSH, 0      , 0
CSI, 0.07143, 0.0051
CSK, 0      , 0
CSL, 0      , 0
CSM, 0      , 0
CSN, 0      , 0
CSP, 0.04167, 0.00174
CSQ, 0      , 0
CSR, 0      , 0
CSS, 0.02273, 0.00052
CST, 0      , 0
CSV, 0.02857, 0.00082
CSW, 0.16667, 0.02778
CSY, 0      , 0
CS_, 0.25   , 0.0625
CTC, 0      , 0
CTD, 0.125  , 0.01562
CTE, 0.06667, 0.00444
CTF, 0      , 0
CTG, 0.11111, 0.01235
CTH, 0      , 0
CTI, 0      , 0
CTK, 0.04167, 0.00174
CTL, 0.04545, 0.00207
CTM, 0      , 0
CTN, 0      , 0
CTP, 0.125  , 0.01562
CTQ, 0.08333, 0.00694
CTR, 0.125  , 0.01562
CTS, 0.05   , 0.0025
CTT, 0.125  , 0.01562
CTV, 0.03704, 0.00137
CTY, 0      , 0
CVC, 0      , 0
CVD, 0.05882, 0.00346
CVE, 0      , 0
CVF, 0.27273, 0.07438
CVG, 0.08824, 0.00779
CVH, 0.1    , 0.01
CVI, 0.04762, 0.00227
CVK, 0.06667, 0.00444
CVL, 0.13333, 0.01778
CVM, 0      , 0
CVN, 0      , 0
CVP, 0      , 0
CVQ, 0      , 0
CVR, 0.04545, 0.00207
CVS, 0.15789, 0.02493
CVT, 0      , 0
CVV, 0.03448, 0.00119
CVW, 0      , 0
CVY, 0.08333, 0.00694
CWD, 0.33333, 0.11111
CWE, 0      , 0
CWF, 0      , 0
CWG, 0      , 0
CWH, 0      , 0
CWI, 0      , 0
CWL, 0      , 0
CWM, 0      , 0
CWN, 0      , 0
CWP, 0.33333, 0.11111
CWQ, 0.2    , 0.04
CWR, 0.14286, 0.02041
CWS, 0.33333, 0.11111
CWT, 0.25   , 0.0625
CWV, 0      , 0
CWW, 0      , 0
CWY, 0      , 0
CYC, 0.375  , 0.14062
CYD, 0.16667, 0.02778
CYE, 0.1875 , 0.03516
CYF, 0      , 0
CYG, 0.15385, 0.02367
CYH, 0      , 0
CYI, 0.16667, 0.02778
CYK, 0      , 0
CYL, 0.21053, 0.04432
CYM, 0.16667, 0.02778
CYN, 0.26667, 0.07111
CYP, 0.23077, 0.05325
CYQ, 0.07143, 0.0051
CYR, 0.14286, 0.02041
CYS, 0.45   , 0.2025
CYT, 0.125  , 0.01562
CYV, 0.13636, 0.0186
CYW, 0      , 0
CYY, 0      , 0
CY_, 0      , 0
DAD, 0      , 0
DAE, 0.04878, 0.00238
DAF, 0.05556, 0.00309
DAG, 0.06742, 0.00454
DAH, 0.06452, 0.00416
DAI, 0.05556, 0.00309
DAK, 0.01515, 0.00023
DAL, 0.05469, 0.00299
DAM, 0      , 0
DAN, 0.04762, 0.00227
DAP, 0.03333, 0.00111
DAQ, 0.04878, 0.00238
DAR, 0.03774, 0.00142
DAS, 0.02439, 0.00059
DAT, 0.06757, 0.00457
DAV, 0.01031, 0.00011
DAW, 0.06667, 0.00444
DAY, 0.01887, 0.00036
DA_, 0      , 0
DCD, 0.2    , 0.04
DCE, 0      , 0
DCF, 0.10526, 0.01108
DCG, 0.15152, 0.02296
DCH, 0      , 0
DCI, 0.1    , 0.01
DCK, 0.11765, 0.01384
DCL, 0      , 0
DCM, 0      , 0
DCN, 0.11111, 0.01235
DCP, 0.10526, 0.01108
DCQ, 0.18182, 0.03306
DCR, 0      , 0
DCS, 0.03846, 0.00148
DCT, 0.07143, 0.0051
DCV, 0.06452, 0.00416
DCW, 0      , 0
DCY, 0      , 0
DC_, 0      , 0
DDD, 0.16   , 0.0256
DDE, 0.07407, 0.00549
DDF, 0.06452, 0.00416
DDG, 0.08434, 0.00711
DDH, 0.14286, 0.02041
DDI, 0.10976, 0.01205
DDK, 0.04918, 0.00242
DDL, 0.01515, 0.00023
DDM, 0.1    , 0.01
DDN, 0.05714, 0.00327
DDP, 0.04688, 0.0022
DDQ, 0.04444, 0.00198
DDR, 0.04255, 0.00181
DDS, 0.0814 , 0.00663
DDT, 0.03226, 0.00104
DDV, 0.05882, 0.00346
DDW, 0.05263, 0.00277
DDY, 0.17021, 0.02897
DD_, 0      , 0
DED, 0.03333, 0.00111
DEE, 0.02632, 0.00069
DEF, 0.10448, 0.01092
DEG, 0.06897, 0.00476
DEH, 0.18182, 0.03306
DEI, 0.10345, 0.0107
DEK, 0.04494, 0.00202
DEL, 0.06849, 0.00469
DEM, 0.02857, 0.00082
DEN, 0.07692, 0.00592
DEP, 0.04301, 0.00185
DEQ, 0.09091, 0.00826
DER, 0.03077, 0.00095
DES, 0.06897, 0.00476
DET, 0.05376, 0.00289
DEV, 0.05109, 0.00261
DEW, 0.14815, 0.02195
DEY, 0.09091, 0.00826
DE_, 0.1    , 0.01
DFD, 0      , 0
DFE, 0.08163, 0.00666
DFF, 0.02273, 0.00052
DFG, 0.14493, 0.021
DFH, 0.15   , 0.0225
DFI, 0.04   , 0.0016
DFK, 0.09091, 0.00826
DFL, 0.1413 , 0.01997
DFM, 0.13043, 0.01701
DFN, 0.19149, 0.03667
DFP, 0.02041, 0.00042
DFQ, 0.08571, 0.00735
DFR, 0.02632, 0.00069
DFS, 0.09524, 0.00907
DFT, 0.07692, 0.00592
DFV, 0.10909, 0.0119
DFW, 0.11111, 0.01235
DFY, 0.19231, 0.03698
DF_, 0.25   , 0.0625
DGD, 0.04545, 0.00207
DGE, 0.03261, 0.00106
DGF, 0.06061, 0.00367
DGG, 0.12   , 0.0144
DGH, 0      , 0
DGI, 0.03409, 0.00116
DGK, 0      , 0
DGL, 0.05085, 0.00259
DGM, 0.03125, 0.00098
DGN, 0.02857, 0.00082
DGP, 0.02151, 0.00046
DGQ, 0.02381, 0.00057
DGR, 0.0202 , 0.00041
DGS, 0.04651, 0.00216
DGT, 0.00971, 0.00009
DGV, 0.03371, 0.00114
DGW, 0.22727, 0.05165
DGY, 0.08333, 0.00694
DG_, 0      , 0
DHD, 0.09091, 0.00826
DHE, 0.03448, 0.00119
DHF, 0.13043, 0.01701
DHG, 0.07407, 0.00549
DHH, 0.11111, 0.01235
DHI, 0.03571, 0.00128
DHK, 0.09524, 0.00907
DHL, 0.01852, 0.00034
DHM, 0.125  , 0.01562
DHN, 0.33333, 0.11111
DHP, 0.11111, 0.01235
DHQ, 0.14286, 0.02041
DHR, 0.13636, 0.0186
DHS, 0.04545, 0.00207
DHT, 0.10526, 0.01108
DHV, 0.21212, 0.045
DHW, 0      , 0
DHY, 0      , 0
DH_, 0      , 0
DID, 0.06977, 0.00487
DIE, 0.08861, 0.00785
DIF, 0.06557, 0.0043
DIG, 0.01408, 0.0002
DIH, 0.05714, 0.00327
DII, 0.04054, 0.00164
DIK, 0.09259, 0.00857
DIL, 0.05882, 0.00346
DIM, 0.0303 , 0.00092
DIN, 0.01389, 0.00019
DIP, 0.125  , 0.01562
DIQ, 0.02564, 0.00066
DIR, 0.07692, 0.00592
DIS, 0.06173, 0.00381
DIT, 0.12308, 0.01515
DIV, 0.06522, 0.00425
DIW, 0.16667, 0.02778
DIY, 0.09756, 0.00952
DI_, 0      , 0
DKD, 0      , 0
DKE, 0.02564, 0.00066
DKF, 0.04444, 0.00198
DKG, 0.05435, 0.00295
DKH, 0      , 0
DKI, 0.05357, 0.00287
DKK, 0.0375 , 0.00141
DKL, 0.06173, 0.00381
DKM, 0.03333, 0.00111
DKN, 0      , 0
DKP, 0.02597, 0.00067
DKQ, 0.04444, 0.00198
DKR, 0.08197, 0.00672
DKS, 0.04   , 0.0016
DKT, 0.06849, 0.00469
DKV, 0.06723, 0.00452
DKW, 0.06452, 0.00416
DKY, 0.02941, 0.00087
DK_, 0      , 0
DLD, 0.05357, 0.00287
DLE, 0.03571, 0.00128
DLF, 0.06061, 0.00367
DLG, 0.09091, 0.00826
DLH, 0.075  , 0.00562
DLI, 0.07273, 0.00529
DLK, 0.05469, 0.00299
DLL, 0.06404, 0.0041
DLM, 0.05405, 0.00292
DLN, 0.09375, 0.00879
DLP, 0.01075, 0.00012
DLQ, 0.04286, 0.00184
DLR, 0.0303 , 0.00092
DLS, 0.02308, 0.00053
DLT, 0.09774, 0.00955
DLV, 0.0411 , 0.00169
DLW, 0      , 0
DLY, 0.09722, 0.00945
DL_, 0      , 0
DMD, 0.06667, 0.00444
DME, 0      , 0
DMF, 0.06452, 0.00416
DMG, 0.09091, 0.00826
DMH, 0      , 0
DMI, 0.08824, 0.00779
DMK, 0.08333, 0.00694
DML, 0.09756, 0.00952
DMM, 0.09091, 0.00826
DMN, 0.03846, 0.00148
DMP, 0      , 0
DMQ, 0.13333, 0.01778
DMR, 0.1875 , 0.03516
DMS, 0.13889, 0.01929
DMT, 0.10714, 0.01148
DMV, 0.04878, 0.00238
DMW, 0.11111, 0.01235
DMY, 0.21053, 0.04432
DM_, 0      , 0
DND, 0.03571, 0.00128
DNE, 0.08333, 0.00694
DNF, 0.02128, 0.00045
DNG, 0.06154, 0.00379
DNH, 0.11765, 0.01384
DNI, 0.04762, 0.00227
DNK, 0.06   , 0.0036
DNL, 0.05714, 0.00327
DNM, 0.04545, 0.00207
DNN, 0      , 0
DNP, 0.025  , 0.00063
DNQ, 0      , 0
DNR, 0.025  , 0.00063
DNS, 0.06522, 0.00425
DNT, 0.01695, 0.00029
DNV, 0.03947, 0.00156
DNW, 0.0625 , 0.00391
DNY, 0.0625 , 0.00391
DN_, 0      , 0
DPD, 0.10256, 0.01052
DPE, 0.01316, 0.00017
DPF, 0.05357, 0.00287
DPG, 0      , 0
DPH, 0      , 0
DPI, 0.05   , 0.0025
DPK, 0.01667, 0.00028
DPL, 0.0404 , 0.00163
DPM, 0.1    , 0.01
DPN, 0.04762, 0.00227
DPP, 0.03704, 0.00137
DPQ, 0.04651, 0.00216
DPR, 0      , 0
DPS, 0.02247, 0.0005
DPT, 0.06897, 0.00476
DPV, 0.05479, 0.003
DPW, 0      , 0
DPY, 0.01887, 0.00036
DP_, 0      , 0
DQD, 0.26316, 0.06925
DQE, 0.07143, 0.0051
DQF, 0      , 0
DQG, 0.05172, 0.00268
DQH, 0      , 0
DQI, 0.07246, 0.00525
DQK, 0.05556, 0.00309
DQL, 0.0354 , 0.00125
DQM, 0.08333, 0.00694
DQN, 0.0625 , 0.00391
DQP, 0.04167, 0.00174
DQQ, 0.0303 , 0.00092
DQR, 0      , 0
DQS, 0.02222, 0.00049
DQT, 0.075  , 0.00562
DQV, 0.09589, 0.00919
DQW, 0.05556, 0.00309
DQY, 0.03226, 0.00104
DQ_, 0      , 0
DRD, 0.02778, 0.00077
DRE, 0.04   , 0.0016
DRF, 0.04348, 0.00189
DRG, 0.08219, 0.00676
DRH, 0.11765, 0.01384
DRI, 0.09091, 0.00826
DRK, 0.12963, 0.0168
DRL, 0.03306, 0.00109
DRM, 0      , 0
DRN, 0.125  , 0.01562
DRP, 0.01852, 0.00034
DRQ, 0      , 0
DRR, 0.03333, 0.00111
DRS, 0.09231, 0.00852
DRT, 0.03704, 0.00137
DRV, 0.11957, 0.0143
DRW, 0.23529, 0.05536
DRY, 0.13636, 0.0186
DR_, 0      , 0
DSD, 0.02778, 0.00077
DSE, 0.0274 , 0.00075
DSF, 0.06154, 0.00379
DSG, 0.04348, 0.00189
DSH, 0      , 0
DSI, 0.07447, 0.00555
DSK, 0.01299, 0.00017
DSL, 0.02907, 0.00085
DSM, 0.12   , 0.0144
DSN, 0.01754, 0.00031
DSP, 0.03077, 0.00095
DSQ, 0.07843, 0.00615
DSR, 0.04918, 0.00242
DSS, 0.11881, 0.01412
DST, 0.05063, 0.00256
DSV, 0.07692, 0.00592
DSW, 0.08   , 0.0064
DSY, 0.02222, 0.00049
DS_, 0.08333, 0.00694
DTD, 0      , 0
DTE, 0.01613, 0.00026
DTF, 0.04762, 0.00227
DTG, 0.05263, 0.00277
DTH, 0.04545, 0.00207
DTI, 0.06173, 0.00381
DTK, 0.02   , 0.0004
DTL, 0.03425, 0.00117
DTM, 0.03448, 0.00119
DTN, 0.06522, 0.00425
DTP, 0.02326, 0.00054
DTQ, 0.06452, 0.00416
DTR, 0      , 0
DTS, 0.06024, 0.00363
DTT, 0.01235, 0.00015
DTV, 0.02247, 0.0005
DTW, 0.05882, 0.00346
DTY, 0.1087 , 0.01181
DT_, 0      , 0
DVD, 0.05263, 0.00277
DVE, 0.06452, 0.00416
DVF, 0.11111, 0.01235
DVG, 0.07595, 0.00577
DVH, 0.07895, 0.00623
DVI, 0.03774, 0.00142
DVK, 0.09333, 0.00871
DVL, 0.04348, 0.00189
DVM, 0.14286, 0.02041
DVN, 0.09231, 0.00852
DVP, 0.04   , 0.0016
DVQ, 0.05882, 0.00346
DVR, 0.01887, 0.00036
DVS, 0.03125, 0.00098
DVT, 0.05063, 0.00256
DVV, 0.03448, 0.00119
DVW, 0.16667, 0.02778
DVY, 0.07273, 0.00529
DV_, 0      , 0
DWD, 0.05263, 0.00277
DWE, 0.17391, 0.03025
DWF, 0.14286, 0.02041
DWG, 0.19048, 0.03628
DWH, 0      , 0
DWI, 0.10526, 0.01108
DWK, 0.13333, 0.01778
DWL, 0.15625, 0.02441
DWM, 0      , 0
DWN, 0.13636, 0.0186
DWP, 0.2    , 0.04
DWQ, 0.08333, 0.00694
DWR, 0      , 0
DWS, 0.14286, 0.02041
DWT, 0      , 0
DWV, 0.12903, 0.01665
DWW, 0.57143, 0.32653
DWY, 0.11111, 0.01235
DW_, 1      , 1
DYD, 0.08   , 0.0064
DYE, 0.12308, 0.01515
DYF, 0.08108, 0.00657
DYG, 0.28571, 0.08163
DYH, 0.19231, 0.03698
DYI, 0.13636, 0.0186
DYK, 0.15556, 0.0242
DYL, 0.17172, 0.02949
DYM, 0.05882, 0.00346
DYN, 0.17949, 0.03222
DYP, 0.23077, 0.05325
DYQ, 0.02564, 0.00066
DYR, 0.06452, 0.00416
DYS, 0.08772, 0.00769
DYT, 0.11538, 0.01331
DYV, 0.06452, 0.00416
DYW, 0.11111, 0.01235
DYY, 0.1875 , 0.03516
DY_, 0      , 0
EAE, 0.05797, 0.00336
EAF, 0.10204, 0.01041
EAG, 0.06098, 0.00372
EAH, 0.04348, 0.00189
EAI, 0.03571, 0.00128
EAK, 0.06522, 0.00425
EAL, 0.02294, 0.00053
EAM, 0.05   , 0.0025
EAN, 0.02597, 0.00067
EAP, 0.03226, 0.00104
EAQ, 0.06944, 0.00482
EAR, 0.05319, 0.00283
EAS, 0.02532, 0.00064
EAT, 0.03297, 0.00109
EAV, 0.03788, 0.00143
EAW, 0.125  , 0.01562
EAY, 0.06383, 0.00407
EA_, 0      , 0
ECE, 0.11111, 0.01235
ECF, 0      , 0
ECG, 0      , 0
ECH, 0.13333, 0.01778
ECI, 0.05556, 0.00309
ECK, 0      , 0
ECL, 0.02778, 0.00077
ECM, 0      , 0
ECN, 0.06667, 0.00444
ECP, 0      , 0
ECQ, 0      , 0
ECR, 0.05   , 0.0025
ECS, 0      , 0
ECT, 0.07143, 0.0051
ECV, 0.06897, 0.00476
ECW, 0      , 0
ECY, 0.16667, 0.02778
EC_, 0      , 0
EDE, 0.20833, 0.0434
EDF, 0.1    , 0.01
EDG, 0.05738, 0.00329
EDH, 0.02632, 0.00069
EDI, 0.12397, 0.01537
EDK, 0.03846, 0.00148
EDL, 0.05114, 0.00261
EDM, 0.06667, 0.00444
EDN, 0.125  , 0.01562
EDP, 0.09333, 0.00871
EDQ, 0.16327, 0.02666
EDR, 0      , 0
EDS, 0.07059, 0.00498
EDT, 0.06024, 0.00363
EDV, 0.08036, 0.00646
EDW, 0.04762, 0.00227
EDY, 0.07246, 0.00525
ED_, 0.25   , 0.0625
EEE, 0.07595, 0.00577
EEF, 0.05495, 0.00302
EEG, 0.04478, 0.002
EEH, 0.05263, 0.00277
EEI, 0.06993, 0.00489
EEK, 0.02564, 0.00066
EEL, 0.04231, 0.00179
EEM, 0.01754, 0.00031
EEN, 0.02778, 0.00077
EEP, 0.03509, 0.00123
EEQ, 0.05333, 0.00284
EER, 0.00926, 0.00009
EES, 0.02778, 0.00077
EET, 0.03226, 0.00104
EEV, 0.06338, 0.00402
EEW, 0.10345, 0.0107
EEY, 0.08   , 0.0064
EE_, 0.1    , 0.01
EFE, 0.09375, 0.00879
EFF, 0.09524, 0.00907
EFG, 0.075  , 0.00562
EFH, 0.07692, 0.00592
EFI, 0.08511, 0.00724
EFK, 0.12698, 0.01612
EFL, 0.09524, 0.00907
EFM, 0.0625 , 0.00391
EFN, 0.13636, 0.0186
EFP, 0.05263, 0.00277
EFQ, 0.14706, 0.02163
EFR, 0.08   , 0.0064
EFS, 0.10976, 0.01205
EFT, 0.06557, 0.0043
EFV, 0.125  , 0.01562
EFW, 0.11765, 0.01384
EFY, 0.11538, 0.01331
EF_, 0      , 0
EGE, 0      , 0
EGF, 0.01667, 0.00028
EGG, 0.05941, 0.00353
EGH, 0.06061, 0.00367
EGI, 0.04   , 0.0016
EGK, 0.02632, 0.00069
EGL, 0.03636, 0.00132
EGM, 0.02632, 0.00069
EGN, 0.03704, 0.00137
EGP, 0.03797, 0.00144
EGQ, 0.05634, 0.00317
EGR, 0      , 0
EGS, 0.05263, 0.00277
EGT, 0.03297, 0.00109
EGV, 0.02381, 0.00057
EGW, 0.08333, 0.00694
EGY, 0.03571, 0.00128
EG_, 0      , 0
EHE, 0      , 0
EHF, 0.08696, 0.00756
EHG, 0.02632, 0.00069
EHH, 0.10526, 0.01108
EHI, 0.09375, 0.00879
EHK, 0.11765, 0.01384
EHL, 0.07692, 0.00592
EHM, 0.1875 , 0.03516
EHN, 0.03333, 0.00111
EHP, 0.12121, 0.01469
EHQ, 0.14286, 0.02041
EHR, 0.13636, 0.0186
EHS, 0.16667, 0.02778
EHT, 0.28   , 0.0784
EHV, 0.05   , 0.0025
EHW, 0      , 0
EHY, 0.09524, 0.00907
EH_, 0      , 0
EIE, 0.04255, 0.00181
EIF, 0.10526, 0.01108
EIG, 0.06522, 0.00425
EIH, 0.03704, 0.00137
EII, 0.05556, 0.00309
EIK, 0.07407, 0.00549
EIL, 0.05645, 0.00319
EIM, 0.12   , 0.0144
EIN, 0.06349, 0.00403
EIP, 0.10448, 0.01092
EIQ, 0.10204, 0.01041
EIR, 0.04615, 0.00213
EIS, 0.08989, 0.00808
EIT, 0.02532, 0.00064
EIV, 0.03846, 0.00148
EIW, 0      , 0
EIY, 0.04762, 0.00227
EI_, 0.25   , 0.0625
EKE, 0.02632, 0.00069
EKF, 0.07229, 0.00523
EKG, 0.01681, 0.00028
EKH, 0.02941, 0.00087
EKI, 0.06667, 0.00444
EKK, 0.09901, 0.0098
EKL, 0.05159, 0.00266
EKM, 0.1    , 0.01
EKN, 0.04225, 0.00179
EKP, 0.02247, 0.0005
EKQ, 0.03571, 0.00128
EKR, 0.03614, 0.00131
EKS, 0.05405, 0.00292
EKT, 0.02273, 0.00052
EKV, 0.05512, 0.00304
EKW, 0.08696, 0.00756
EKY, 0.0641 , 0.00411
EK_, 0      , 0
ELE, 0.08696, 0.00756
ELF, 0.10345, 0.0107
ELG, 0.10448, 0.01092
ELH, 0.03509, 0.00123
ELI, 0.05625, 0.00316
ELK, 0.05224, 0.00273
ELL, 0.0449 , 0.00202
ELM, 0.02778, 0.00077
ELN, 0.06024, 0.00363
ELP, 0.05556, 0.00309
ELQ, 0.05769, 0.00333
ELR, 0.04762, 0.00227
ELS, 0.06569, 0.00432
ELT, 0.05217, 0.00272
ELV, 0.0479 , 0.00229
ELW, 0      , 0
ELY, 0.05128, 0.00263
EL_, 0      , 0
EME, 0.04545, 0.00207
EMF, 0.04   , 0.0016
EMG, 0.09302, 0.00865
EMH, 0.1875 , 0.03516
EMI, 0.21212, 0.045
EMK, 0.03226, 0.00104
EML, 0.05455, 0.00298
EMM, 0      , 0
EMN, 0.08   , 0.0064
EMP, 0.11765, 0.01384
EMQ, 0.03846, 0.00148
EMR, 0.14286, 0.02041
EMS, 0.03333, 0.00111
EMT, 0.07143, 0.0051
EMV, 0.02564, 0.00066
EMW, 0      , 0
EMY, 0.07143, 0.0051
EM_, 0.15385, 0.02367
ENE, 0.02128, 0.00045
ENF, 0.01449, 0.00021
ENG, 0.03883, 0.00151
ENH, 0      , 0
ENI, 0.04386, 0.00192
ENK, 0.04348, 0.00189
ENL, 0.04762, 0.00227
ENM, 0.09375, 0.00879
ENN, 0.02564, 0.00066
ENP, 0.03704, 0.00137
ENQ, 0.05714, 0.00327
ENR, 0.01887, 0.00036
ENS, 0.03226, 0.00104
ENT, 0.03448, 0.00119
ENV, 0.05556, 0.00309
ENW, 0.05556, 0.00309
ENY, 0.025  , 0.00063
EN_, 0.14286, 0.02041
EPE, 0      , 0
EPF, 0.09259, 0.00857
EPG, 0.01266, 0.00016
EPH, 0.02941, 0.00087
EPI, 0.08571, 0.00735
EPK, 0.04286, 0.00184
EPL, 0.04545, 0.00207
EPM, 0.1    , 0.01
EPN, 0      , 0
EPP, 0.06061, 0.00367
EPQ, 0      , 0
EPR, 0.01538, 0.00024
EPS, 0.02247, 0.0005
EPT, 0.025  , 0.00063
EPV, 0.07527, 0.00567
EPW, 0.08333, 0.00694
EPY, 0.04444, 0.00198
EP_, 0      , 0
EQE, 0.03333, 0.00111
EQF, 0.07273, 0.00529
EQG, 0.04918, 0.00242
EQH, 0.09091, 0.00826
EQI, 0.02899, 0.00084
EQK, 0.02857, 0.00082
EQL, 0.05952, 0.00354
EQM, 0.05405, 0.00292
EQN, 0.04762, 0.00227
EQP, 0.08163, 0.00666
EQQ, 0.14634, 0.02142
EQR, 0.03448, 0.00119
EQS, 0.1087 , 0.01181
EQT, 0      , 0
EQV, 0.07595, 0.00577
EQW, 0.14286, 0.02041
EQY, 0.06522, 0.00425
EQ_, 0.09091, 0.00826
ERE, 0.05769, 0.00333
ERF, 0.0303 , 0.00092
ERG, 0.13043, 0.01701
ERH, 0      , 0
ERI, 0.15044, 0.02263
ERK, 0.01408, 0.0002
ERL, 0.06395, 0.00409
ERM, 0      , 0
ERN, 0.06122, 0.00375
ERP, 0.06452, 0.00416
ERQ, 0.05882, 0.00346
ERR, 0.09375, 0.00879
ERS, 0.12195, 0.01487
ERT, 0.0597 , 0.00356
ERV, 0.09016, 0.00813
ERW, 0      , 0
ERY, 0.02083, 0.00043
ER_, 0      , 0
ESE, 0.08571, 0.00735
ESF, 0.08696, 0.00756
ESG, 0.01176, 0.00014
ESH, 0.15385, 0.02367
ESI, 0.03947, 0.00156
ESK, 0.0375 , 0.00141
ESL, 0.01546, 0.00024
ESM, 0.12903, 0.01665
ESN, 0.04918, 0.00242
ESP, 0.03279, 0.00107
ESQ, 0      , 0
ESR, 0.01493, 0.00022
ESS, 0.07955, 0.00633
EST, 0.09434, 0.0089
ESV, 0.01111, 0.00012
ESW, 0.03846, 0.00148
ESY, 0.06522, 0.00425
ES_, 0.11765, 0.01384
ETE, 0      , 0
ETF, 0.03846, 0.00148
ETG, 0      , 0
ETH, 0      , 0
ETI, 0.11   , 0.0121
ETK, 0.08219, 0.00676
ETL, 0.04217, 0.00178
ETM, 0.05882, 0.00346
ETN, 0.05556, 0.00309
ETP, 0.01818, 0.00033
ETQ, 0      , 0
ETR, 0.05556, 0.00309
ETS, 0.04412, 0.00195
ETT, 0.01667, 0.00028
ETV, 0.02752, 0.00076
ETW, 0.17391, 0.03025
ETY, 0.05128, 0.00263
ET_, 0.16667, 0.02778
EVE, 0.07042, 0.00496
EVF, 0.03947, 0.00156
EVG, 0.05495, 0.00302
EVH, 0.04167, 0.00174
EVI, 0.02752, 0.00076
EVK, 0.03614, 0.00131
EVL, 0.02548, 0.00065
EVM, 0.0303 , 0.00092
EVN, 0.01449, 0.00021
EVP, 0.04762, 0.00227
EVQ, 0.01613, 0.00026
EVR, 0.02469, 0.00061
EVS, 0.10417, 0.01085
EVT, 0.0495 , 0.00245
EVV, 0.06977, 0.00487
EVW, 0      , 0
EVY, 0.10638, 0.01132
EV_, 0      , 0
EWE, 0      , 0
EWF, 0.375  , 0.14062
EWG, 0.09091, 0.00826
EWH, 0.125  , 0.01562
EWI, 0.13043, 0.01701
EWK, 0.12903, 0.01665
EWL, 0.03704, 0.00137
EWM, 0.22222, 0.04938
EWN, 0.25   , 0.0625
EWP, 0.06667, 0.00444
EWQ, 0.4    , 0.16
EWR, 0.16667, 0.02778
EWS, 0.11765, 0.01384
EWT, 0.13333, 0.01778
EWV, 0.10714, 0.01148
EWW, 0.42857, 0.18367
EWY, 0.16667, 0.02778
EYE, 0.03226, 0.00104
EYF, 0.13953, 0.01947
EYG, 0.12069, 0.01457
EYH, 0.08333, 0.00694
EYI, 0.05357, 0.00287
EYK, 0.15517, 0.02408
EYL, 0.08696, 0.00756
EYM, 0.15789, 0.02493
EYN, 0.02439, 0.00059
EYP, 0.17143, 0.02939
EYQ, 0.08   , 0.0064
EYR, 0.075  , 0.00562
EYS, 0.04348, 0.00189
EYT, 0.18519, 0.03429
EYV, 0.12281, 0.01508
EYW, 0.10526, 0.01108
EYY, 0.23077, 0.05325
EY_, 0      , 0
FAF, 0.35714, 0.12755
FAG, 0.08065, 0.0065
FAH, 0.11765, 0.01384
FAI, 0.07692, 0.00592
FAK, 0.0303 , 0.00092
FAL, 0.06   , 0.0036
FAM, 0.1    , 0.01
FAN, 0.13043, 0.01701
FAP, 0      , 0
FAQ, 0.02564, 0.00066
FAR, 0.04651, 0.00216
FAS, 0.0678 , 0.0046
FAT, 0.05128, 0.00263
FAV, 0.10638, 0.01132
FAW, 0.4    , 0.16
FAY, 0.09524, 0.00907
FA_, 0      , 0
FCF, 0.5    , 0.25
FCG, 0.05556, 0.00309
FCH, 0.125  , 0.01562
FCI, 0      , 0
FCK, 0      , 0
FCL, 0      , 0
FCM, 0      , 0
FCN, 0      , 0
FCP, 0.05556, 0.00309
FCQ, 0      , 0
FCR, 0      , 0
FCS, 0      , 0
FCT, 0.125  , 0.01562
FCV, 0.25   , 0.0625
FCW, 0      , 0
FCY, 0.13333, 0.01778
FDF, 0.10345, 0.0107
FDG, 0.03797, 0.00144
FDH, 0.04762, 0.00227
FDI, 0      , 0
FDK, 0.05128, 0.00263
FDL, 0.1    , 0.01
FDM, 0      , 0
FDN, 0.04444, 0.00198
FDP, 0.04255, 0.00181
FDQ, 0.05882, 0.00346
FDR, 0.025  , 0.00063
FDS, 0.0597 , 0.00356
FDT, 0.04   , 0.0016
FDV, 0.06667, 0.00444
FDW, 0.11111, 0.01235
FDY, 0      , 0
FD_, 0      , 0
FEF, 0.09524, 0.00907
FEG, 0.0411 , 0.00169
FEH, 0.04545, 0.00207
FEI, 0.11321, 0.01282
FEK, 0.07843, 0.00615
FEL, 0.05063, 0.00256
FEM, 0.17391, 0.03025
FEN, 0.02778, 0.00077
FEP, 0.03704, 0.00137
FEQ, 0.02273, 0.00052
FER, 0.03175, 0.00101
FES, 0.07407, 0.00549
FET, 0.03636, 0.00132
FEV, 0.06154, 0.00379
FEW, 0.11111, 0.01235
FEY, 0.09091, 0.00826
FE_, 0      , 0
FFF, 0.11111, 0.01235
FFG, 0.02778, 0.00077
FFH, 0.22222, 0.04938
FFI, 0.06897, 0.00476
FFK, 0.11429, 0.01306
FFL, 0.13793, 0.01902
FFM, 0.18182, 0.03306
FFN, 0.03333, 0.00111
FFP, 0.14815, 0.02195
FFQ, 0.11765, 0.01384
FFR, 0.15385, 0.02367
FFS, 0.07692, 0.00592
FFT, 0.09677, 0.00937
FFV, 0.12   , 0.0144
FFW, 0      , 0
FFY, 0.05882, 0.00346
FGF, 0.12   , 0.0144
FGG, 0.13208, 0.01744
FGH, 0.04348, 0.00189
FGI, 0.04878, 0.00238
FGK, 0.04545, 0.00207
FGL, 0.15116, 0.02285
FGM, 0      , 0
FGN, 0.02564, 0.00066
FGP, 0.02041, 0.00042
FGQ, 0.025  , 0.00063
FGR, 0.13636, 0.0186
FGS, 0.06579, 0.00433
FGT, 0.05769, 0.00333
FGV, 0.08889, 0.0079
FGW, 0.2    , 0.04
FGY, 0.14634, 0.02142
FG_, 0      , 0
FHF, 0      , 0
FHG, 0.06897, 0.00476
FHH, 0      , 0
FHI, 0.12   , 0.0144
FHK, 0.04545, 0.00207
FHL, 0.07317, 0.00535
FHM, 0      , 0
FHN, 0.125  , 0.01562
FHP, 0.07692, 0.00592
FHQ, 0.08   , 0.0064
FHR, 0.04348, 0.00189
FHS, 0.07143, 0.0051
FHT, 0.04762, 0.00227
FHV, 0.125  , 0.01562
FHY, 0      , 0
FIF, 0.11765, 0.01384
FIG, 0.13725, 0.01884
FIH, 0      , 0
FII, 0.02778, 0.00077
FIK, 0.04082, 0.00167
FIL, 0.05455, 0.00298
FIM, 0.06667, 0.00444
FIN, 0.11538, 0.01331
FIP, 0.0303 , 0.00092
FIQ, 0.03125, 0.00098
FIR, 0      , 0
FIS, 0      , 0
FIT, 0      , 0
FIV, 0.07317, 0.00535
FIW, 0      , 0
FIY, 0.04167, 0.00174
FI_, 0      , 0
FKF, 0.1875 , 0.03516
FKG, 0.05714, 0.00327
FKH, 0.11765, 0.01384
FKI, 0.02899, 0.00084
FKK, 0.06061, 0.00367
FKL, 0.06329, 0.00401
FKM, 0.1    , 0.01
FKN, 0.07547, 0.0057
FKP, 0.09091, 0.00826
FKQ, 0.06   , 0.0036
FKR, 0.04082, 0.00167
FKS, 0.07843, 0.00615
FKT, 0.07317, 0.00535
FKV, 0.13333, 0.01778
FKW, 0      , 0
FKY, 0.02703, 0.00073
FK_, 0      , 0
FLF, 0.0625 , 0.00391
FLG, 0.06024, 0.00363
FLH, 0.06061, 0.00367
FLI, 0      , 0
FLK, 0.08537, 0.00729
FLL, 0.16456, 0.02708
FLM, 0.17647, 0.03114
FLN, 0.11667, 0.01361
FLP, 0.03774, 0.00142
FLQ, 0.03636, 0.00132
FLR, 0.03614, 0.00131
FLS, 0.12329, 0.0152
FLT, 0.04054, 0.00164
FLV, 0.08451, 0.00714
FLW, 0.07692, 0.00592
FLY, 0.08   , 0.0064
FL_, 0      , 0
FMF, 0      , 0
FMG, 0.08333, 0.00694
FMH, 0.18182, 0.03306
FMI, 0.125  , 0.01562
FMK, 0.05263, 0.00277
FML, 0.09091, 0.00826
FMM, 0      , 0
FMN, 0.16667, 0.02778
FMP, 0.15385, 0.02367
FMQ, 0      , 0
FMR, 0.14286, 0.02041
FMS, 0.18182, 0.03306
FMT, 0.125  , 0.01562
FMV, 0.17647, 0.03114
FMW, 0      , 0
FMY, 0.125  , 0.01562
FM_, 0      , 0
FNF, 0      , 0
FNG, 0.10909, 0.0119
FNH, 0      , 0
FNI, 0.11111, 0.01235
FNK, 0.03333, 0.00111
FNL, 0.14286, 0.02041
FNM, 0      , 0
FNN, 0.02564, 0.00066
FNP, 0.05128, 0.00263
FNQ, 0      , 0
FNR, 0.06977, 0.00487
FNS, 0.03774, 0.00142
FNT, 0.13636, 0.0186
FNV, 0.11364, 0.01291
FNW, 0.1    , 0.01
FNY, 0.05714, 0.00327
FN_, 0      , 0
FPF, 0      , 0
FPG, 0.0339 , 0.00115
FPH, 0      , 0
FPI, 0.05556, 0.00309
FPK, 0.04762, 0.00227
FPL, 0.05634, 0.00317
FPM, 0.1    , 0.01
FPN, 0.08571, 0.00735
FPP, 0.06061, 0.00367
FPQ, 0.03448, 0.00119
FPR, 0.03125, 0.00098
FPS, 0.15556, 0.0242
FPT, 0      , 0
FPV, 0.07692, 0.00592
FPW, 0.07143, 0.0051
FPY, 0.08   , 0.0064
FP_, 0      , 0
FQF, 0      , 0
FQG, 0.04255, 0.00181
FQH, 0.23529, 0.05536
FQI, 0.10526, 0.01108
FQK, 0.04762, 0.00227
FQL, 0.07317, 0.00535
FQM, 0      , 0
FQN, 0.05263, 0.00277
FQP, 0      , 0
FQQ, 0.05556, 0.00309
FQR, 0.03125, 0.00098
FQS, 0.09091, 0.00826
FQT, 0.03125, 0.00098
FQV, 0      , 0
FQW, 0.1    , 0.01
FQY, 0.09375, 0.00879
FQ_, 0      , 0
FRF, 0.0625 , 0.00391
FRG, 0.01562, 0.00024
FRH, 0.1    , 0.01
FRI, 0.07143, 0.0051
FRK, 0.14286, 0.02041
FRL, 0.0241 , 0.00058
FRM, 0.13333, 0.01778
FRN, 0.02857, 0.00082
FRP, 0.05128, 0.00263
FRQ, 0.025  , 0.00063
FRR, 0.12821, 0.01644
FRS, 0.06061, 0.00367
FRT, 0.07895, 0.00623
FRV, 0.08642, 0.00747
FRW, 0.25   , 0.0625
FRY, 0.11429, 0.01306
FSF, 0.20833, 0.0434
FSG, 0.05797, 0.00336
FSH, 0.04   , 0.0016
FSI, 0.16393, 0.02687
FSK, 0.0814 , 0.00663
FSL, 0.06   , 0.0036
FSM, 0.04762, 0.00227
FSN, 0.06   , 0.0036
FSP, 0.01754, 0.00031
FSQ, 0.06522, 0.00425
FSR, 0.05357, 0.00287
FSS, 0.03846, 0.00148
FST, 0.06154, 0.00379
FSV, 0.09639, 0.00929
FSW, 0.09091, 0.00826
FSY, 0.0625 , 0.00391
FS_, 0.125  , 0.01562
FTF, 0      , 0
FTG, 0.0566 , 0.0032
FTH, 0.04167, 0.00174
FTI, 0.04082, 0.00167
FTK, 0.03448, 0.00119
FTL, 0.09195, 0.00846
FTM, 0.1    , 0.01
FTN, 0.06818, 0.00465
FTP, 0.03636, 0.00132
FTQ, 0.02041, 0.00042
FTR, 0.05882, 0.00346
FTS, 0.15385, 0.02367
FTT, 0.03774, 0.00142
FTV, 0.05634, 0.00317
FTW, 0      , 0
FTY, 0      , 0
FT_, 0      , 0
FVF, 0      , 0
FVG, 0.07692, 0.00592
FVH, 0.1    , 0.01
FVI, 0.075  , 0.00562
FVK, 0.03846, 0.00148
FVL, 0.0678 , 0.0046
FVM, 0      , 0
FVN, 0.0566 , 0.0032
FVP, 0.08511, 0.00724
FVQ, 0.07317, 0.00535
FVR, 0.1    , 0.01
FVS, 0.07143, 0.0051
FVT, 0.05   , 0.0025
FVV, 0      , 0
FVW, 0      , 0
FVY, 0.10526, 0.01108
FV_, 0      , 0
FWF, 0      , 0
FWG, 0.25   , 0.0625
FWH, 0      , 0
FWI, 0      , 0
FWK, 0.05882, 0.00346
FWL, 0.0625 , 0.00391
FWM, 0      , 0
FWN, 0.25   , 0.0625
FWP, 0.35714, 0.12755
FWQ, 0.44444, 0.19753
FWR, 0.15385, 0.02367
FWS, 0.2    , 0.04
FWT, 0      , 0
FWV, 0      , 0
FWW, 0      , 0
FWY, 0.15385, 0.02367
FW_, 0      , 0
FYF, 0.0625 , 0.00391
FYG, 0.21053, 0.04432
FYH, 0.18182, 0.03306
FYI, 0.16129, 0.02601
FYK, 0.11111, 0.01235
FYL, 0.125  , 0.01562
FYM, 0.1    , 0.01
FYN, 0.14286, 0.02041
FYP, 0.09375, 0.00879
FYQ, 0      , 0
FYR, 0.225  , 0.05063
FYS, 0.09302, 0.00865
FYT, 0.18919, 0.03579
FYV, 0.25   , 0.0625
FYW, 0.22222, 0.04938
FYY, 0.17241, 0.02973
FY_, 0      , 0
GAG, 0.03571, 0.00128
GAH, 0.04   , 0.0016
GAI, 0.06579, 0.00433
GAK, 0.04167, 0.00174
GAL, 0.05263, 0.00277
GAM, 0.02632, 0.00069
GAN, 0.07692, 0.00592
GAP, 0.03846, 0.00148
GAQ, 0.09091, 0.00826
GAR, 0.02439, 0.00059
GAS, 0.12371, 0.0153
GAT, 0.03   , 0.0009
GAV, 0.07207, 0.00519
GAW, 0.14286, 0.02041
GAY, 0.05882, 0.00346
GA_, 0.125  , 0.01562
GCG, 0.07692, 0.00592
GCH, 0.16667, 0.02778
GCI, 0      , 0
GCK, 0.05263, 0.00277
GCL, 0.06667, 0.00444
GCM, 0.2    , 0.04
GCN, 0.06667, 0.00444
GCP, 0.13636, 0.0186
GCQ, 0.10526, 0.01108
GCR, 0.14286, 0.02041
GCS, 0.21739, 0.04726
GCT, 0.09091, 0.00826
GCV, 0.12121, 0.01469
GCW, 0.75   , 0.5625
GCY, 0.24   , 0.0576
GC_, 0      , 0
GDG, 0.06452, 0.00416
GDH, 0.0625 , 0.00391
GDI, 0.04167, 0.00174
GDK, 0.05036, 0.00254
GDL, 0.02817, 0.00079
GDM, 0.09375, 0.00879
GDN, 0      , 0
GDP, 0.03774, 0.00142
GDQ, 0.11111, 0.01235
GDR, 0.07619, 0.0058
GDS, 0.01835, 0.00034
GDT, 0.09756, 0.00952
GDV, 0.04032, 0.00163
GDW, 0.125  , 0.01562
GDY, 0.02703, 0.00073
GD_, 0      , 0
GEG, 0.03448, 0.00119
GEH, 0.03333, 0.00111
GEI, 0.05   , 0.0025
GEK, 0.04065, 0.00165
GEL, 0.08163, 0.00666
GEM, 0.075  , 0.00562
GEN, 0.05333, 0.00284
GEP, 0.05556, 0.00309
GEQ, 0.05357, 0.00287
GER, 0.07527, 0.00567
GES, 0.05495, 0.00302
GET, 0.03261, 0.00106
GEV, 0.03876, 0.0015
GEW, 0.04545, 0.00207
GEY, 0.01852, 0.00034
GE_, 0      , 0
GFG, 0.2093 , 0.04381
GFH, 0.07692, 0.00592
GFI, 0.10526, 0.01108
GFK, 0.12245, 0.01499
GFL, 0.12329, 0.0152
GFM, 0.15385, 0.02367
GFN, 0.26   , 0.0676
GFP, 0.04348, 0.00189
GFQ, 0.08824, 0.00779
GFR, 0.04   , 0.0016
GFS, 0.17949, 0.03222
GFT, 0.15556, 0.0242
GFV, 0.09589, 0.00919
GFW, 0.26316, 0.06925
GFY, 0.11364, 0.01291
GGG, 0.10526, 0.01108
GGH, 0.04167, 0.00174
GGI, 0.06742, 0.00454
GGK, 0      , 0
GGL, 0.05303, 0.00281
GGM, 0.1    , 0.01
GGN, 0.09231, 0.00852
GGP, 0.01333, 0.00018
GGQ, 0.02857, 0.00082
GGR, 0.06742, 0.00454
GGS, 0.08036, 0.00646
GGT, 0.06977, 0.00487
GGV, 0.07339, 0.00539
GGW, 0.06667, 0.00444
GGY, 0.09524, 0.00907
GG_, 0      , 0
GHG, 0.28571, 0.08163
GHH, 0      , 0
GHI, 0.08333, 0.00694
GHK, 0.03226, 0.00104
GHL, 0.08511, 0.00724
GHM, 0.14286, 0.02041
GHN, 0.05882, 0.00346
GHP, 0.04348, 0.00189
GHQ, 0.08333, 0.00694
GHR, 0.07407, 0.00549
GHS, 0.14286, 0.02041
GHT, 0.05128, 0.00263
GHV, 0.18421, 0.03393
GHW, 0.4    , 0.16
GHY, 0.15152, 0.02296
GH_, 0      , 0
GIG, 0.17073, 0.02915
GIH, 0      , 0
GII, 0.13235, 0.01752
GIK, 0.04819, 0.00232
GIL, 0.05102, 0.0026
GIM, 0.18519, 0.03429
GIN, 0.05455, 0.00298
GIP, 0.09375, 0.00879
GIQ, 0.08333, 0.00694
GIR, 0.03175, 0.00101
GIS, 0.10938, 0.01196
GIT, 0.09756, 0.00952
GIV, 0.04598, 0.00211
GIW, 0.11111, 0.01235
GIY, 0.11111, 0.01235
GI_, 0      , 0
GKG, 0.02941, 0.00087
GKH, 0      , 0
GKI, 0.05263, 0.00277
GKK, 0.05618, 0.00316
GKL, 0.08025, 0.00644
GKM, 0.05882, 0.00346
GKN, 0.06944, 0.00482
GKP, 0.04706, 0.00221
GKQ, 0.02083, 0.00043
GKR, 0.05479, 0.003
GKS, 0.0375 , 0.00141
GKT, 0.05155, 0.00266
GKV, 0.09804, 0.00961
GKW, 0.03571, 0.00128
GKY, 0      , 0
GK_, 0      , 0
GLG, 0.17241, 0.02973
GLH, 0.02564, 0.00066
GLI, 0.12295, 0.01512
GLK, 0.07092, 0.00503
GLL, 0.04639, 0.00215
GLM, 0.05405, 0.00292
GLN, 0.01449, 0.00021
GLP, 0.07317, 0.00535
GLQ, 0.01515, 0.00023
GLR, 0.06306, 0.00398
GLS, 0.06957, 0.00484
GLT, 0.10526, 0.01108
GLV, 0.06757, 0.00457
GLW, 0      , 0
GLY, 0.07547, 0.0057
GL_, 0.14286, 0.02041
GMG, 0      , 0
GMH, 0.07143, 0.0051
GMI, 0.11765, 0.01384
GMK, 0.03226, 0.00104
GML, 0.14815, 0.02195
GMM, 0      , 0
GMN, 0.13636, 0.0186
GMP, 0.07407, 0.00549
GMQ, 0.14815, 0.02195
GMR, 0      , 0
GMS, 0.07692, 0.00592
GMT, 0.1875 , 0.03516
GMV, 0      , 0
GMW, 0.09091, 0.00826
GMY, 0.0625 , 0.00391
GM_, 0.14286, 0.02041
GNG, 0.17073, 0.02915
GNH, 0.12   , 0.0144
GNI, 0.04762, 0.00227
GNK, 0.06452, 0.00416
GNL, 0.10417, 0.01085
GNM, 0.05   , 0.0025
GNN, 0.11111, 0.01235
GNP, 0.08537, 0.00729
GNQ, 0.06   , 0.0036
GNR, 0.09091, 0.00826
GNS, 0.08642, 0.00747
GNT, 0.09091, 0.00826
GNV, 0.03883, 0.00151
GNW, 0      , 0
GNY, 0.03704, 0.00137
GN_, 0.14286, 0.02041
GPG, 0.02273, 0.00052
GPH, 0.04   , 0.0016
GPI, 0.04615, 0.00213
GPK, 0.03947, 0.00156
GPL, 0.05882, 0.00346
GPM, 0.08333, 0.00694
GPN, 0.07143, 0.0051
GPP, 0.01613, 0.00026
GPQ, 0      , 0
GPR, 0.04839, 0.00234
GPS, 0.07143, 0.0051
GPT, 0.07812, 0.0061
GPV, 0.05263, 0.00277
GPW, 0      , 0
GPY, 0.02564, 0.00066
GP_, 0      , 0
GQG, 0      , 0
GQH, 0.1    , 0.01
GQI, 0.07692, 0.00592
GQK, 0.08772, 0.00769
GQL, 0.09412, 0.00886
GQM, 0.03333, 0.00111
GQN, 0.11628, 0.01352
GQP, 0.03636, 0.00132
GQQ, 0.06   , 0.0036
GQR, 0.09231, 0.00852
GQS, 0.03333, 0.00111
GQT, 0.07143, 0.0051
GQV, 0.07447, 0.00555
GQW, 0      , 0
GQY, 0.13889, 0.01929
GQ_, 0      , 0
GRG, 0.14583, 0.02127
GRH, 0.04348, 0.00189
GRI, 0.08889, 0.0079
GRK, 0.08   , 0.0064
GRL, 0.06707, 0.0045
GRM, 0.34615, 0.11982
GRN, 0.07273, 0.00529
GRP, 0.01493, 0.00022
GRQ, 0.05263, 0.00277
GRR, 0.12222, 0.01494
GRS, 0.09524, 0.00907
GRT, 0.18072, 0.03266
GRV, 0.13592, 0.01847
GRW, 0.18519, 0.03429
GRY, 0.04348, 0.00189
GR_, 0      , 0
GSG, 0      , 0
GSH, 0.01818, 0.00033
GSI, 0.12941, 0.01675
GSK, 0.05319, 0.00283
GSL, 0.04545, 0.00207
GSM, 0.0303 , 0.00092
GSN, 0.04615, 0.00213
GSP, 0.05682, 0.00323
GSQ, 0.04167, 0.00174
GSR, 0.10526, 0.01108
GSS, 0.07947, 0.00632
GST, 0.07547, 0.0057
GSV, 0.03731, 0.00139
GSW, 0.17241, 0.02973
GSY, 0.04819, 0.00232
GS_, 0      , 0
GTG, 0.11475, 0.01317
GTH, 0.05714, 0.00327
GTI, 0.06481, 0.0042
GTK, 0.0641 , 0.00411
GTL, 0.02703, 0.00073
GTM, 0      , 0
GTN, 0.05556, 0.00309
GTP, 0.06757, 0.00457
GTQ, 0.06   , 0.0036
GTR, 0.1194 , 0.01426
GTS, 0.04902, 0.0024
GTT, 0.11111, 0.01235
GTV, 0.0367 , 0.00135
GTW, 0.04   , 0.0016
GTY, 0.0625 , 0.00391
GT_, 0      , 0
GVG, 0.11538, 0.01331
GVH, 0.08824, 0.00779
GVI, 0.05479, 0.003
GVK, 0.04348, 0.00189
GVL, 0.10084, 0.01017
GVM, 0      , 0
GVN, 0.03333, 0.00111
GVP, 0.11111, 0.01235
GVQ, 0.03571, 0.00128
GVR, 0.1    , 0.01
GVS, 0.125  , 0.01562
GVT, 0.03488, 0.00122
GVV, 0.07576, 0.00574
GVW, 0.09091, 0.00826
GVY, 0.03774, 0.00142
GV_, 0      , 0
GWG, 0.21739, 0.04726
GWH, 0.33333, 0.11111
GWI, 0.05263, 0.00277
GWK, 0.11111, 0.01235
GWL, 0.27273, 0.07438
GWM, 0.16667, 0.02778
GWN, 0.21053, 0.04432
GWP, 0.18182, 0.03306
GWQ, 0.14286, 0.02041
GWR, 0.11111, 0.01235
GWS, 0.34615, 0.11982
GWT, 0.19231, 0.03698
GWV, 0.28571, 0.08163
GWW, 0.6    , 0.36
GWY, 0.10526, 0.01108
GYG, 0.18919, 0.03579
GYH, 0.07692, 0.00592
GYI, 0.14286, 0.02041
GYK, 0.06061, 0.00367
GYL, 0.16279, 0.0265
GYM, 0.26316, 0.06925
GYN, 0.07843, 0.00615
GYP, 0.15686, 0.02461
GYQ, 0.16   , 0.0256
GYR, 0.23636, 0.05587
GYS, 0.14286, 0.02041
GYT, 0.1746 , 0.03049
GYV, 0.21311, 0.04542
GYW, 0.2    , 0.04
GYY, 0.075  , 0.00562
HAH, 0.2    , 0.04
HAI, 0.06667, 0.00444
HAK, 0      , 0
HAL, 0.07143, 0.0051
HAM, 0      , 0
HAN, 0      , 0
HAP, 0.06667, 0.00444
HAQ, 0      , 0
HAR, 0.07407, 0.00549
HAS, 0.07407, 0.00549
HAT, 0      , 0
HAV, 0.11765, 0.01384
HAW, 0.14286, 0.02041
HAY, 0      , 0
HA_, 0      , 0
HCI, 0.07692, 0.00592
HCK, 0.1    , 0.01
HCL, 0.07692, 0.00592
HCM, 0      , 0
HCN, 0      , 0
HCP, 0.125  , 0.01562
HCQ, 0      , 0
HCR, 0.11111, 0.01235
HCS, 0      , 0
HCT, 0      , 0
HCV, 0.14286, 0.02041
HCW, 0      , 0
HCY, 0      , 0
HDH, 0      , 0
HDI, 0.06897, 0.00476
HDK, 0      , 0
HDL, 0.04255, 0.00181
HDM, 0      , 0
HDN, 0      , 0
HDP, 0.03846, 0.00148
HDQ, 0      , 0
HDR, 0.09524, 0.00907
HDS, 0.04545, 0.00207
HDT, 0.15385, 0.02367
HDV, 0.11429, 0.01306
HDW, 0      , 0
HDY, 0.21429, 0.04592
HD_, 1      , 1
HEH, 0      , 0
HEI, 0.07143, 0.0051
HEK, 0.03704, 0.00137
HEL, 0.14035, 0.0197
HEM, 0.11111, 0.01235
HEN, 0      , 0
HEP, 0.08   , 0.0064
HEQ, 0.04167, 0.00174
HER, 0.08333, 0.00694
HES, 0.125  , 0.01562
HET, 0.09375, 0.00879
HEV, 0.02632, 0.00069
HEW, 0      , 0
HEY, 0.22222, 0.04938
HE_, 0      , 0
HFH, 0.16667, 0.02778
HFI, 0.125  , 0.01562
HFK, 0.17241, 0.02973
HFL, 0.06667, 0.00444
HFM, 0.1    , 0.01
HFN, 0.33333, 0.11111
HFP, 0.2    , 0.04
HFQ, 0      , 0
HFR, 0.06667, 0.00444
HFS, 0.07143, 0.0051
HFT, 0.07407, 0.00549
HFV, 0.08333, 0.00694
HFW, 0      , 0
HFY, 0.16667, 0.02778
HF_, 0.5    , 0.25
HGH, 0      , 0
HGI, 0.09091, 0.00826
HGK, 0      , 0
HGL, 0.04878, 0.00238
HGM, 0      , 0
HGN, 0      , 0
HGP, 0      , 0
HGQ, 0.04348, 0.00189
HGR, 0.04167, 0.00174
HGS, 0.03571, 0.00128
HGT, 0      , 0
HGV, 0.0625 , 0.00391
HGW, 0.2    , 0.04
HGY, 0      , 0
HG_, 0      , 0
HHH, 0      , 0
HHI, 0.06667, 0.00444
HHK, 0      , 0
HHL, 0.04762, 0.00227
HHM, 0.23077, 0.05325
HHN, 0      , 0
HHP, 0      , 0
HHQ, 0.25   , 0.0625
HHR, 0      , 0
HHS, 0.07692, 0.00592
HHT, 0.07143, 0.0051
HHV, 0.05263, 0.00277
HHW, 0      , 0
HHY, 0      , 0
HH_, 0      , 0
HIH, 0      , 0
HII, 0.05556, 0.00309
HIK, 0.07692, 0.00592
HIL, 0.075  , 0.00562
HIM, 0      , 0
HIN, 0      , 0
HIP, 0.07692, 0.00592
HIQ, 0      , 0
HIR, 0.08696, 0.00756
HIS, 0.03448, 0.00119
HIT, 0.05882, 0.00346
HIV, 0.10526, 0.01108
HIW, 0      , 0
HIY, 0.07143, 0.0051
HI_, 1      , 1
HKH, 0      , 0
HKI, 0.14286, 0.02041
HKK, 0.10526, 0.01108
HKL, 0.06667, 0.00444
HKM, 0.05882, 0.00346
HKN, 0.13793, 0.01902
HKP, 0      , 0
HKQ, 0      , 0
HKR, 0      , 0
HKS, 0.03125, 0.00098
HKT, 0.11765, 0.01384
HKV, 0.125  , 0.01562
HKW, 0.11111, 0.01235
HKY, 0.0625 , 0.00391
HK_, 0      , 0
HLH, 0.15385, 0.02367
HLI, 0.075  , 0.00562
HLK, 0.02439, 0.00059
HLL, 0.0137 , 0.00019
HLM, 0.09091, 0.00826
HLN, 0.04   , 0.0016
HLP, 0.10526, 0.01108
HLQ, 0.05   , 0.0025
HLR, 0.06818, 0.00465
HLS, 0.06818, 0.00465
HLT, 0.05405, 0.00292
HLV, 0.10345, 0.0107
HLW, 0      , 0
HLY, 0.11111, 0.01235
HL_, 1      , 1
HMH, 0      , 0
HMI, 0.09091, 0.00826
HMK, 0      , 0
HML, 0.16   , 0.0256
HMM, 0.2    , 0.04
HMN, 0      , 0
HMP, 0      , 0
HMQ, 0      , 0
HMR, 0      , 0
HMS, 0.09091, 0.00826
HMT, 0.09091, 0.00826
HMV, 0.08333, 0.00694
HMW, 0      , 0
HMY, 0.66667, 0.44444
HM_, 0      , 0
HNH, 0      , 0
HNI, 0.07143, 0.0051
HNK, 0.1    , 0.01
HNL, 0.05556, 0.00309
HNM, 0.1    , 0.01
HNN, 0.04762, 0.00227
HNP, 0.04545, 0.00207
HNQ, 0      , 0
HNR, 0.07143, 0.0051
HNS, 0      , 0
HNT, 0.05   , 0.0025
HNV, 0.07407, 0.00549
HNW, 0      , 0
HNY, 0.2    , 0.04
HN_, 0.5    , 0.25
HPH, 0      , 0
HPI, 0      , 0
HPK, 0      , 0
HPL, 0      , 0
HPM, 0      , 0
HPN, 0.05   , 0.0025
HPP, 0      , 0
HPQ, 0      , 0
HPR, 0.07143, 0.0051
HPS, 0      , 0
HPT, 0.09091, 0.00826
HPV, 0.21739, 0.04726
HPW, 0.1    , 0.01
HPY, 0      , 0
HP_, 0.5    , 0.25
HQH, 0      , 0
HQI, 0.2    , 0.04
HQK, 0.05   , 0.0025
HQL, 0.07843, 0.00615
HQM, 0.33333, 0.11111
HQN, 0.14286, 0.02041
HQP, 0      , 0
HQQ, 0      , 0
HQR, 0.05263, 0.00277
HQS, 0.1    , 0.01
HQT, 0      , 0
HQV, 0.2    , 0.04
HQW, 0.25   , 0.0625
HQY, 0.1    , 0.01
HQ_, 0      , 0
HRH, 0.125  , 0.01562
HRI, 0.1    , 0.01
HRK, 0.08696, 0.00756
HRL, 0      , 0
HRM, 0      , 0
HRN, 0      , 0
HRP, 0.13043, 0.01701
HRQ, 0.07692, 0.00592
HRR, 0.04167, 0.00174
HRS, 0.14286, 0.02041
HRT, 0.125  , 0.01562
HRV, 0.12   , 0.0144
HRW, 0.28571, 0.08163
HRY, 0      , 0
HR_, 0      , 0
HSH, 0      , 0
HSI, 0.10714, 0.01148
HSK, 0      , 0
HSL, 0.01667, 0.00028
HSM, 0      , 0
HSN, 0.04   , 0.0016
HSP, 0      , 0
HSQ, 0      , 0
HSR, 0.03846, 0.00148
HSS, 0.2    , 0.04
HST, 0.04348, 0.00189
HSV, 0.07143, 0.0051
HSW, 0      , 0
HSY, 0.25   , 0.0625
HS_, 0      , 0
HTH, 0      , 0
HTI, 0.04167, 0.00174
HTK, 0      , 0
HTL, 0      , 0
HTM, 0      , 0
HTN, 0.06667, 0.00444
HTP, 0      , 0
HTQ, 0      , 0
HTR, 0.06667, 0.00444
HTS, 0      , 0
HTT, 0.03333, 0.00111
HTV, 0.03571, 0.00128
HTW, 0      , 0
HTY, 0.0625 , 0.00391
HT_, 0      , 0
HVH, 0      , 0
HVI, 0      , 0
HVK, 0      , 0
HVL, 0.05128, 0.00263
HVM, 0      , 0
HVN, 0      , 0
HVP, 0.19231, 0.03698
HVQ, 0      , 0
HVR, 0.03571, 0.00128
HVS, 0.125  , 0.01562
HVT, 0      , 0
HVV, 0.05882, 0.00346
HVW, 0.33333, 0.11111
HVY, 0.125  , 0.01562
HV_, 0      , 0
HWH, 0      , 0
HWI, 0      , 0
HWK, 0.33333, 0.11111
HWL, 0      , 0
HWM, 0      , 0
HWN, 0      , 0
HWP, 0.125  , 0.01562
HWQ, 0      , 0
HWR, 0.5    , 0.25
HWS, 0.66667, 0.44444
HWT, 0.23077, 0.05325
HWV, 1      , 1
HWW, 0      , 0
HWY, 0.16667, 0.02778
HYH, 0      , 0
HYI, 0.09091, 0.00826
HYK, 0.10526, 0.01108
HYL, 0.11429, 0.01306
HYM, 0      , 0
HYN, 0.2    , 0.04
HYP, 0.06667, 0.00444
HYQ, 0.13333, 0.01778
HYR, 0.15385, 0.02367
HYS, 0.04   , 0.0016
HYT, 0.13333, 0.01778
HYV, 0.05263, 0.00277
HYW, 0      , 0
HYY, 0.22222, 0.04938
IAI, 0.07692, 0.00592
IAK, 0      , 0
IAL, 0.08333, 0.00694
IAM, 0.08696, 0.00756
IAN, 0.04545, 0.00207
IAP, 0      , 0
IAQ, 0.09375, 0.00879
IAR, 0.01562, 0.00024
IAS, 0.03409, 0.00116
IAT, 0.07576, 0.00574
IAV, 0.09091, 0.00826
IAW, 0.11111, 0.01235
IAY, 0.125  , 0.01562
IA_, 0      , 0
ICI, 0.4    , 0.16
ICK, 0      , 0
ICL, 0.09677, 0.00937
ICM, 0.125  , 0.01562
ICN, 0.05263, 0.00277
ICP, 0.05556, 0.00309
ICQ, 0.15789, 0.02493
ICR, 0      , 0
ICS, 0.05556, 0.00309
ICT, 0      , 0
ICV, 0.06667, 0.00444
ICW, 0      , 0
ICY, 0.2    , 0.04
IC_, 0      , 0
IDI, 0.03125, 0.00098
IDK, 0.0463 , 0.00214
IDL, 0.07299, 0.00533
IDM, 0      , 0
IDN, 0.0625 , 0.00391
IDP, 0.02703, 0.00073
IDQ, 0.06897, 0.00476
IDR, 0.05634, 0.00317
IDS, 0.10667, 0.01138
IDT, 0.04225, 0.00179
IDV, 0.04854, 0.00236
IDW, 0.04545, 0.00207
IDY, 0.06122, 0.00375
ID_, 0      , 0
IEI, 0.04762, 0.00227
IEK, 0.06364, 0.00405
IEL, 0.11538, 0.01331
IEM, 0      , 0
IEN, 0.04545, 0.00207
IEP, 0.04762, 0.00227
IEQ, 0.04348, 0.00189
IER, 0.02   , 0.0004
IES, 0.06186, 0.00383
IET, 0.07273, 0.00529
IEV, 0.0381 , 0.00145
IEW, 0.12   , 0.0144
IEY, 0.12766, 0.0163
IE_, 0      , 0
IFI, 0      , 0
IFK, 0.09836, 0.00967
IFL, 0.06061, 0.00367
IFM, 0.14286, 0.02041
IFN, 0.10256, 0.01052
IFP, 0.05882, 0.00346
IFQ, 0.12195, 0.01487
IFR, 0.11364, 0.01291
IFS, 0.07692, 0.00592
IFT, 0.07018, 0.00492
IFV, 0.06977, 0.00487
IFW, 0      , 0
IFY, 0.18182, 0.03306
IF_, 0.2    , 0.04
IGI, 0.08333, 0.00694
IGK, 0.01316, 0.00017
IGL, 0.07143, 0.0051
IGM, 0.11111, 0.01235
IGN, 0.06667, 0.00444
IGP, 0      , 0
IGQ, 0.05455, 0.00298
IGR, 0.07895, 0.00623
IGS, 0.05405, 0.00292
IGT, 0.05333, 0.00284
IGV, 0      , 0
IGW, 0.07692, 0.00592
IGY, 0.06452, 0.00416
IG_, 0      , 0
IHI, 0.0625 , 0.00391
IHK, 0.075  , 0.00562
IHL, 0.05   , 0.0025
IHM, 0      , 0
IHN, 0.04167, 0.00174
IHP, 0.08   , 0.0064
IHQ, 0.03448, 0.00119
IHR, 0.03704, 0.00137
IHS, 0.30769, 0.09467
IHT, 0.125  , 0.01562
IHV, 0.125  , 0.01562
IHW, 0      , 0
IHY, 0.05263, 0.00277
IH_, 0      , 0
III, 0      , 0
IIK, 0.07059, 0.00498
IIL, 0.03509, 0.00123
IIM, 0.05   , 0.0025
IIN, 0.10169, 0.01034
IIP, 0.08511, 0.00724
IIQ, 0.0625 , 0.00391
IIR, 0.0566 , 0.0032
IIS, 0.11111, 0.01235
IIT, 0.11628, 0.01352
IIV, 0.04762, 0.00227
IIW, 0.09091, 0.00826
IIY, 0.05556, 0.00309
IKI, 0.05556, 0.00309
IKK, 0.05932, 0.00352
IKL, 0.03636, 0.00132
IKM, 0.09677, 0.00937
IKN, 0.08434, 0.00711
IKP, 0.03077, 0.00095
IKQ, 0.04412, 0.00195
IKR, 0.02985, 0.00089
IKS, 0.06522, 0.00425
IKT, 0.05556, 0.00309
IKV, 0.09709, 0.00943
IKW, 0.13043, 0.01701
IKY, 0.05128, 0.00263
IK_, 0      , 0
ILI, 0.07692, 0.00592
ILK, 0.06897, 0.00476
ILL, 0.07368, 0.00543
ILM, 0      , 0
ILN, 0.04651, 0.00216
ILP, 0.09524, 0.00907
ILQ, 0.07042, 0.00496
ILR, 0.09091, 0.00826
ILS, 0.09322, 0.00869
ILT, 0.05556, 0.00309
ILV, 0.04167, 0.00174
ILW, 0.05263, 0.00277
ILY, 0.06667, 0.00444
IL_, 0      , 0
IMI, 0.1    , 0.01
IMK, 0.14706, 0.02163
IML, 0.05882, 0.00346
IMM, 0.11111, 0.01235
IMN, 0      , 0
IMP, 0.10526, 0.01108
IMQ, 0.27273, 0.07438
IMR, 0.11111, 0.01235
IMS, 0.05556, 0.00309
IMT, 0      , 0
IMV, 0.13333, 0.01778
IMW, 0      , 0
IMY, 0.14286, 0.02041
IM_, 0      , 0
INI, 0.13333, 0.01778
INK, 0.0625 , 0.00391
INL, 0.04396, 0.00193
INM, 0.1    , 0.01
INN, 0.05   , 0.0025
INP, 0.08696, 0.00756
INQ, 0.05263, 0.00277
INR, 0.05882, 0.00346
INS, 0.06061, 0.00367
INT, 0.06667, 0.00444
INV, 0.11842, 0.01402
INW, 0.11111, 0.01235
INY, 0.15217, 0.02316
IPI, 0.05405, 0.00292
IPK, 0.04839, 0.00234
IPL, 0.03371, 0.00114
IPM, 0.125  , 0.01562
IPN, 0.02632, 0.00069
IPP, 0      , 0
IPQ, 0.03125, 0.00098
IPR, 0.03571, 0.00128
IPS, 0.12   , 0.0144
IPT, 0.03704, 0.00137
IPV, 0.13514, 0.01826
IPW, 0.09091, 0.00826
IPY, 0.05714, 0.00327
IP_, 0      , 0
IQI, 0.03704, 0.00137
IQK, 0.05634, 0.00317
IQL, 0.09859, 0.00972
IQM, 0      , 0
IQN, 0.01695, 0.00029
IQP, 0.05714, 0.00327
IQQ, 0.03226, 0.00104
IQR, 0.075  , 0.00562
IQS, 0.10667, 0.01138
IQT, 0.11364, 0.01291
IQV, 0.02326, 0.00054
IQW, 0.11111, 0.01235
IQY, 0.03704, 0.00137
IQ_, 0      , 0
IRI, 0.17241, 0.02973
IRK, 0.09524, 0.00907
IRL, 0.05376, 0.00289
IRM, 0.06667, 0.00444
IRN, 0.13208, 0.01744
IRP, 0.09434, 0.0089
IRQ, 0.08197, 0.00672
IRR, 0.11111, 0.01235
IRS, 0.08537, 0.00729
IRT, 0.13043, 0.01701
IRV, 0.02817, 0.00079
IRW, 0.14286, 0.02041
IRY, 0.16279, 0.0265
IR_, 0      , 0
ISI, 0.13158, 0.01731
ISK, 0.04396, 0.00193
ISL, 0.06931, 0.0048
ISM, 0.10256, 0.01052
ISN, 0.05882, 0.00346
ISP, 0.06061, 0.00367
ISQ, 0.06349, 0.00403
ISR, 0.11538, 0.01331
ISS, 0.06742, 0.00454
IST, 0.05479, 0.003
ISV, 0.07792, 0.00607
ISW, 0      , 0
ISY, 0.0597 , 0.00356
IS_, 0.25   , 0.0625
ITI, 0.02941, 0.00087
ITK, 0.04396, 0.00193
ITL, 0.07207, 0.00519
ITM, 0.06667, 0.00444
ITN, 0.01754, 0.00031
ITP, 0.0597 , 0.00356
ITQ, 0.04762, 0.00227
ITR, 0.04348, 0.00189
ITS, 0.05195, 0.0027
ITT, 0.04225, 0.00179
ITV, 0.06931, 0.0048
ITW, 0.05556, 0.00309
ITY, 0.05455, 0.00298
IT_, 0      , 0
IVI, 0.04762, 0.00227
IVK, 0.05063, 0.00256
IVL, 0.04286, 0.00184
IVM, 0.09091, 0.00826
IVN, 0.06154, 0.00379
IVP, 0.04688, 0.0022
IVQ, 0.05882, 0.00346
IVR, 0.04054, 0.00164
IVS, 0.05952, 0.00354
IVT, 0.0274 , 0.00075
IVV, 0.03509, 0.00123
IVW, 0      , 0
IVY, 0.14286, 0.02041
IV_, 0      , 0
IWI, 0.14286, 0.02041
IWK, 0.05882, 0.00346
IWL, 0.14286, 0.02041
IWM, 0.11111, 0.01235
IWN, 0      , 0
IWP, 0.05556, 0.00309
IWQ, 0.1    , 0.01
IWR, 0      , 0
IWS, 0      , 0
IWT, 0.15385, 0.02367
IWV, 0      , 0
IWW, 0      , 0
IWY, 0.28571, 0.08163
IYI, 0.15385, 0.02367
IYK, 0.13889, 0.01929
IYL, 0.10638, 0.01132
IYM, 0.0625 , 0.00391
IYN, 0.16327, 0.02666
IYP, 0.11429, 0.01306
IYQ, 0.0303 , 0.00092
IYR, 0.09524, 0.00907
IYS, 0.11111, 0.01235
IYT, 0.1875 , 0.03516
IYV, 0.10256, 0.01052
IYW, 0      , 0
IYY, 0.13793, 0.01902
IY_, 0      , 0
KAK, 0      , 0
KAL, 0.03797, 0.00144
KAM, 0.02632, 0.00069
KAN, 0.0339 , 0.00115
KAP, 0.03333, 0.00111
KAQ, 0      , 0
KAR, 0.03077, 0.00095
KAS, 0.04545, 0.00207
KAT, 0.02532, 0.00064
KAV, 0.06667, 0.00444
KAW, 0      , 0
KAY, 0.08108, 0.00657
KA_, 0      , 0
KCK, 0      , 0
KCL, 0.0625 , 0.00391
KCM, 0.09091, 0.00826
KCN, 0      , 0
KCP, 0      , 0
KCQ, 0      , 0
KCR, 0.04348, 0.00189
KCS, 0      , 0
KCT, 0      , 0
KCV, 0.04167, 0.00174
KCW, 0      , 0
KCY, 0.11111, 0.01235
KC_, 0      , 0
KDK, 0.02128, 0.00045
KDL, 0.01887, 0.00036
KDM, 0.08824, 0.00779
KDN, 0.0122 , 0.00015
KDP, 0.05405, 0.00292
KDQ, 0.04082, 0.00167
KDR, 0.0597 , 0.00356
KDS, 0.04167, 0.00174
KDT, 0.02151, 0.00046
KDV, 0.06383, 0.00407
KDW, 0.12   , 0.0144
KDY, 0.01639, 0.00027
KD_, 0      , 0
KEK, 0      , 0
KEL, 0.02353, 0.00055
KEM, 0      , 0
KEN, 0.0122 , 0.00015
KEP, 0      , 0
KEQ, 0.01562, 0.00024
KER, 0.02469, 0.00061
KES, 0.01205, 0.00015
KET, 0.05882, 0.00346
KEV, 0.05128, 0.00263
KEW, 0.03333, 0.00111
KEY, 0.03125, 0.00098
KE_, 0.1    , 0.01
KFK, 0      , 0
KFL, 0.09091, 0.00826
KFM, 0.16667, 0.02778
KFN, 0.08772, 0.00769
KFP, 0.21053, 0.04432
KFQ, 0.0625 , 0.00391
KFR, 0.16667, 0.02778
KFS, 0.08889, 0.0079
KFT, 0.09302, 0.00865
KFV, 0.07547, 0.0057
KFW, 0      , 0
KFY, 0.16667, 0.02778
KF_, 0      , 0
KGK, 0.0566 , 0.0032
KGL, 0.0283 , 0.0008
KGM, 0.11429, 0.01306
KGN, 0.04878, 0.00238
KGP, 0.02041, 0.00042
KGQ, 0      , 0
KGR, 0.05455, 0.00298
KGS, 0.03488, 0.00122
KGT, 0.02198, 0.00048
KGV, 0.05556, 0.00309
KGW, 0.07692, 0.00592
KGY, 0.01724, 0.0003
KG_, 0      , 0
KHK, 0      , 0
KHL, 0.11111, 0.01235
KHM, 0      , 0
KHN, 0.04167, 0.00174
KHP, 0      , 0
KHQ, 0.07143, 0.0051
KHR, 0.04762, 0.00227
KHS, 0.05882, 0.00346
KHT, 0.07692, 0.00592
KHV, 0.18919, 0.03579
KHW, 0      , 0
KHY, 0.125  , 0.01562
KH_, 0      , 0
KIK, 0.075  , 0.00562
KIL, 0.075  , 0.00562
KIM, 0.03571, 0.00128
KIN, 0.10294, 0.0106
KIP, 0.01754, 0.00031
KIQ, 0.05   , 0.0025
KIR, 0.01613, 0.00026
KIS, 0.10145, 0.01029
KIT, 0.0411 , 0.00169
KIV, 0.02703, 0.00073
KIW, 0.2    , 0.04
KIY, 0.075  , 0.00562
KI_, 0      , 0
KKK, 0.06383, 0.00407
KKL, 0.04926, 0.00243
KKM, 0.075  , 0.00562
KKN, 0.01562, 0.00024
KKP, 0.04545, 0.00207
KKQ, 0.04444, 0.00198
KKR, 0.03226, 0.00104
KKS, 0.02857, 0.00082
KKT, 0.025  , 0.00063
KKV, 0.01754, 0.00031
KKW, 0.06061, 0.00367
KKY, 0.03125, 0.00098
KK_, 0.0625 , 0.00391
KLK, 0.10294, 0.0106
KLL, 0.10048, 0.0101
KLM, 0.07143, 0.0051
KLN, 0.05405, 0.00292
KLP, 0.02469, 0.00061
KLQ, 0.06316, 0.00399
KLR, 0.01818, 0.00033
KLS, 0.08065, 0.0065
KLT, 0.07547, 0.0057
KLV, 0.07143, 0.0051
KLW, 0.17647, 0.03114
KLY, 0.08537, 0.00729
KL_, 0      , 0
KMK, 0.33333, 0.11111
KML, 0.04762, 0.00227
KMM, 0.13333, 0.01778
KMN, 0.17647, 0.03114
KMP, 0      , 0
KMQ, 0.1    , 0.01
KMR, 0.08696, 0.00756
KMS, 0.03571, 0.00128
KMT, 0.07143, 0.0051
KMV, 0      , 0
KMW, 0      , 0
KMY, 0.06667, 0.00444
KM_, 0      , 0
KNK, 0      , 0
KNL, 0.01786, 0.00032
KNM, 0.03448, 0.00119
KNN, 0.08   , 0.0064
KNP, 0.08   , 0.0064
KNQ, 0      , 0
KNR, 0.02041, 0.00042
KNS, 0.05882, 0.00346
KNT, 0.04167, 0.00174
KNV, 0.0411 , 0.00169
KNW, 0.05882, 0.00346
KNY, 0.09524, 0.00907
KN_, 0      , 0
KPK, 0      , 0
KPL, 0.04902, 0.0024
KPM, 0.08   , 0.0064
KPN, 0.04255, 0.00181
KPP, 0.025  , 0.00063
KPQ, 0.07143, 0.0051
KPR, 0.06818, 0.00465
KPS, 0.03333, 0.00111
KPT, 0.08929, 0.00797
KPV, 0.025  , 0.00063
KPW, 0.11111, 0.01235
KPY, 0      , 0
KP_, 0      , 0
KQK, 0.05263, 0.00277
KQL, 0.07   , 0.0049
KQM, 0.16   , 0.0256
KQN, 0.03333, 0.00111
KQP, 0.03571, 0.00128
KQQ, 0.01887, 0.00036
KQR, 0.03125, 0.00098
KQS, 0.05455, 0.00298
KQT, 0.05556, 0.00309
KQV, 0.06557, 0.0043
KQW, 0.0625 , 0.00391
KQY, 0.07895, 0.00623
KQ_, 0      , 0
KRK, 0.04878, 0.00238
KRL, 0.00855, 0.00007
KRM, 0.02778, 0.00077
KRN, 0.13889, 0.01929
KRP, 0.05556, 0.00309
KRQ, 0.1    , 0.01
KRR, 0.04615, 0.00213
KRS, 0.15873, 0.0252
KRT, 0.08065, 0.0065
KRV, 0.07353, 0.00541
KRW, 0.13333, 0.01778
KRY, 0.06522, 0.00425
KR_, 0.15385, 0.02367
KSK, 0.05263, 0.00277
KSL, 0.016  , 0.00026
KSM, 0.06667, 0.00444
KSN, 0.0678 , 0.0046
KSP, 0.01429, 0.0002
KSQ, 0.025  , 0.00063
KSR, 0.0339 , 0.00115
KSS, 0.04545, 0.00207
KST, 0.04   , 0.0016
KSV, 0.01389, 0.00019
KSW, 0      , 0
KSY, 0.03636, 0.00132
KS_, 0      , 0
KTK, 0      , 0
KTL, 0.05161, 0.00266
KTM, 0      , 0
KTN, 0.02273, 0.00052
KTP, 0.01613, 0.00026
KTQ, 0.06977, 0.00487
KTR, 0.02273, 0.00052
KTS, 0.04918, 0.00242
KTT, 0.07895, 0.00623
KTV, 0.06944, 0.00482
KTW, 0      , 0
KTY, 0.0678 , 0.0046
KT_, 0      , 0
KVK, 0.13953, 0.01947
KVL, 0.06667, 0.00444
KVM, 0.15625, 0.02441
KVN, 0.0625 , 0.00391
KVP, 0.03704, 0.00137
KVQ, 0.04878, 0.00238
KVR, 0.08621, 0.00743
KVS, 0.06316, 0.00399
KVT, 0.02632, 0.00069
KVV, 0.09091, 0.00826
KVW, 0.13636, 0.0186
KVY, 0.06977, 0.00487
KV_, 0      , 0
KWK, 0.33333, 0.11111
KWL, 0.05   , 0.0025
KWM, 0.1    , 0.01
KWN, 0.125  , 0.01562
KWP, 0      , 0
KWQ, 0.15789, 0.02493
KWR, 0.4375 , 0.19141
KWS, 0.05882, 0.00346
KWT, 0.22222, 0.04938
KWV, 0.22222, 0.04938
KWW, 0.125  , 0.01562
KWY, 0.125  , 0.01562
KW_, 0      , 0
KYK, 0.03125, 0.00098
KYL, 0.07792, 0.00607
KYM, 0      , 0
KYN, 0.09756, 0.00952
KYP, 0.03846, 0.00148
KYQ, 0      , 0
KYR, 0.2    , 0.04
KYS, 0.01923, 0.00037
KYT, 0.09302, 0.00865
KYV, 0.04444, 0.00198
KYW, 0      , 0
KYY, 0.17647, 0.03114
LAL, 0.06098, 0.00372
LAM, 0.05128, 0.00263
LAN, 0.04124, 0.0017
LAP, 0.09483, 0.00899
LAQ, 0.04828, 0.00233
LAR, 0.02419, 0.00059
LAS, 0.03974, 0.00158
LAT, 0.056  , 0.00314
LAV, 0.04274, 0.00183
LAW, 0.03571, 0.00128
LAY, 0.05882, 0.00346
LA_, 0      , 0
LCL, 0.07692, 0.00592
LCM, 0      , 0
LCN, 0.07143, 0.0051
LCP, 0.15789, 0.02493
LCQ, 0      , 0
LCR, 0.02632, 0.00069
LCS, 0.05405, 0.00292
LCT, 0.08   , 0.0064
LCV, 0.03448, 0.00119
LCW, 0      , 0
LCY, 0      , 0
LDL, 0.05882, 0.00346
LDM, 0.07692, 0.00592
LDN, 0.02   , 0.0004
LDP, 0.07087, 0.00502
LDQ, 0.07292, 0.00532
LDR, 0.05882, 0.00346
LDS, 0.08497, 0.00722
LDT, 0.0531 , 0.00282
LDV, 0.05405, 0.00292
LDW, 0.08   , 0.0064
LDY, 0.04688, 0.0022
LD_, 0      , 0
LEL, 0.03448, 0.00119
LEM, 0.01852, 0.00034
LEN, 0.05517, 0.00304
LEP, 0.06767, 0.00458
LEQ, 0.09091, 0.00826
LER, 0.05185, 0.00269
LES, 0.05072, 0.00257
LET, 0.03788, 0.00143
LEV, 0.0375 , 0.00141
LEW, 0.04545, 0.00207
LEY, 0.01429, 0.0002
LE_, 0.11765, 0.01384
LFL, 0.12963, 0.0168
LFM, 0.11111, 0.01235
LFN, 0.09091, 0.00826
LFP, 0.10169, 0.01034
LFQ, 0.05085, 0.00259
LFR, 0.06944, 0.00482
LFS, 0.05495, 0.00302
LFT, 0.03226, 0.00104
LFV, 0.11594, 0.01344
LFW, 0      , 0
LFY, 0.14286, 0.02041
LF_, 0.33333, 0.11111
LGL, 0.08989, 0.00808
LGM, 0.06977, 0.00487
LGN, 0.04211, 0.00177
LGP, 0.0122 , 0.00015
LGQ, 0.02632, 0.00069
LGR, 0.05042, 0.00254
LGS, 0.02597, 0.00067
LGT, 0.06   , 0.0036
LGV, 0.09091, 0.00826
LGW, 0      , 0
LGY, 0.05714, 0.00327
LG_, 0      , 0
LHL, 0.04348, 0.00189
LHM, 0      , 0
LHN, 0.09091, 0.00826
LHP, 0.0625 , 0.00391
LHQ, 0.07407, 0.00549
LHR, 0.05   , 0.0025
LHS, 0.1    , 0.01
LHT, 0.1    , 0.01
LHV, 0.05769, 0.00333
LHW, 0.125  , 0.01562
LHY, 0.08824, 0.00779
LH_, 0      , 0
LIL, 0.12766, 0.0163
LIM, 0.03704, 0.00137
LIN, 0.07692, 0.00592
LIP, 0.07895, 0.00623
LIQ, 0.07317, 0.00535
LIR, 0.04348, 0.00189
LIS, 0.04878, 0.00238
LIT, 0.05263, 0.00277
LIV, 0.05263, 0.00277
LIW, 0.16667, 0.02778
LIY, 0.06818, 0.00465
LI_, 0.16667, 0.02778
LKL, 0.05319, 0.00283
LKM, 0.05882, 0.00346
LKN, 0.1028 , 0.01057
LKP, 0.02353, 0.00055
LKQ, 0.05051, 0.00255
LKR, 0.09449, 0.00893
LKS, 0.08092, 0.00655
LKT, 0.02857, 0.00082
LKV, 0.05333, 0.00284
LKW, 0.05   , 0.0025
LKY, 0.11594, 0.01344
LK_, 0.05263, 0.00277
LLL, 0.03448, 0.00119
LLM, 0.08696, 0.00756
LLN, 0.04819, 0.00232
LLP, 0.03947, 0.00156
LLQ, 0.09195, 0.00846
LLR, 0.06936, 0.00481
LLS, 0.05584, 0.00312
LLT, 0.07895, 0.00623
LLV, 0.10769, 0.0116
LLW, 0.03571, 0.00128
LLY, 0.05634, 0.00317
LL_, 0      , 0
LML, 0.15789, 0.02493
LMM, 0.35714, 0.12755
LMN, 0.12195, 0.01487
LMP, 0.03571, 0.00128
LMQ, 0.04651, 0.00216
LMR, 0      , 0
LMS, 0.09615, 0.00925
LMT, 0.07895, 0.00623
LMV, 0.14634, 0.02142
LMW, 0      , 0
LMY, 0      , 0
LM_, 0.125  , 0.01562
LNL, 0.02564, 0.00066
LNM, 0.0625 , 0.00391
LNN, 0.07292, 0.00532
LNP, 0.07368, 0.00543
LNQ, 0.07937, 0.0063
LNR, 0.08824, 0.00779
LNS, 0.09821, 0.00965
LNT, 0.04706, 0.00221
LNV, 0.0625 , 0.00391
LNW, 0.17647, 0.03114
LNY, 0.01587, 0.00025
LN_, 0      , 0
LPL, 0.01471, 0.00022
LPM, 0.05263, 0.00277
LPN, 0.05479, 0.003
LPP, 0.0084 , 0.00007
LPQ, 0.01408, 0.0002
LPR, 0.03448, 0.00119
LPS, 0.04237, 0.0018
LPT, 0.05319, 0.00283
LPV, 0.03101, 0.00096
LPW, 0.03704, 0.00137
LPY, 0.05769, 0.00333
LP_, 0      , 0
LQL, 0.12162, 0.01479
LQM, 0      , 0
LQN, 0.08642, 0.00747
LQP, 0.04478, 0.002
LQQ, 0.04348, 0.00189
LQR, 0.06522, 0.00425
LQS, 0.0339 , 0.00115
LQT, 0.02381, 0.00057
LQV, 0.05983, 0.00358
LQW, 0.04167, 0.00174
LQY, 0.02857, 0.00082
LQ_, 0.16667, 0.02778
LRL, 0.15152, 0.02296
LRM, 0.11905, 0.01417
LRN, 0.09709, 0.00943
LRP, 0.11881, 0.01412
LRQ, 0.06731, 0.00453
LRR, 0.125  , 0.01562
LRS, 0.06164, 0.0038
LRT, 0.09091, 0.00826
LRV, 0.0411 , 0.00169
LRW, 0.03226, 0.00104
LRY, 0.11538, 0.01331
LR_, 0      , 0
LSL, 0.125  , 0.01562
LSM, 0.02564, 0.00066
LSN, 0.07368, 0.00543
LSP, 0.03597, 0.00129
LSQ, 0.03448, 0.00119
LSR, 0.03077, 0.00095
LSS, 0.08383, 0.00703
LST, 0.04762, 0.00227
LSV, 0.02326, 0.00054
LSW, 0.09091, 0.00826
LSY, 0.04918, 0.00242
LS_, 0.09524, 0.00907
LTL, 0.0303 , 0.00092
LTM, 0.04762, 0.00227
LTN, 0.09   , 0.0081
LTP, 0      , 0
LTQ, 0.03191, 0.00102
LTR, 0.04598, 0.00211
LTS, 0.0885 , 0.00783
LTT, 0.05738, 0.00329
LTV, 0.04861, 0.00236
LTW, 0.06897, 0.00476
LTY, 0.07353, 0.00541
LT_, 0      , 0
LVL, 0.03659, 0.00134
LVM, 0.08108, 0.00657
LVN, 0.03529, 0.00125
LVP, 0.02542, 0.00065
LVQ, 0.05882, 0.00346
LVR, 0.05036, 0.00254
LVS, 0.06522, 0.00425
LVT, 0.05172, 0.00268
LVV, 0.07207, 0.00519
LVW, 0      , 0
LVY, 0.04651, 0.00216
LV_, 0      , 0
LWL, 0.13333, 0.01778
LWM, 0      , 0
LWN, 0.15789, 0.02493
LWP, 0.125  , 0.01562
LWQ, 0.13043, 0.01701
LWR, 0      , 0
LWS, 0.23077, 0.05325
LWT, 0.04545, 0.00207
LWV, 0.21053, 0.04432
LWW, 0      , 0
LWY, 0.2    , 0.04
LYL, 0.14   , 0.0196
LYM, 0.20833, 0.0434
LYN, 0.12698, 0.01612
LYP, 0.125  , 0.01562
LYQ, 0.08163, 0.00666
LYR, 0.10843, 0.01176
LYS, 0.10227, 0.01046
LYT, 0.08824, 0.00779
LYV, 0.08065, 0.0065
LYW, 0.15385, 0.02367
LYY, 0.20339, 0.04137
LY_, 0      , 0
MAM, 0      , 0
MAN, 0      , 0
MAP, 0.09091, 0.00826
MAQ, 0      , 0
MAR, 0      , 0
MAS, 0      , 0
MAT, 0.0625 , 0.00391
MAV, 0.0625 , 0.00391
MAW, 0      , 0
MAY, 0.05   , 0.0025
MA_, 0.1    , 0.01
MCM, 0      , 0
MCN, 0      , 0
MCP, 0      , 0
MCQ, 0      , 0
MCR, 0.25   , 0.0625
MCS, 0      , 0
MCT, 0      , 0
MCV, 0      , 0
MCY, 0      , 0
MC_, 0.33333, 0.11111
MDM, 0      , 0
MDN, 0      , 0
MDP, 0.03333, 0.00111
MDQ, 0.0303 , 0.00092
MDR, 0.13333, 0.01778
MDS, 0.06061, 0.00367
MDT, 0.03571, 0.00128
MDV, 0.03125, 0.00098
MDW, 0.11111, 0.01235
MDY, 0.04167, 0.00174
MD_, 0      , 0
MEM, 0      , 0
MEN, 0.03571, 0.00128
MEP, 0.12   , 0.0144
MEQ, 0      , 0
MER, 0      , 0
MES, 0.02941, 0.00087
MET, 0.07692, 0.00592
MEV, 0.02439, 0.00059
MEW, 0.125  , 0.01562
MEY, 0.08   , 0.0064
ME_, 0      , 0
MFM, 0      , 0
MFN, 0.11765, 0.01384
MFP, 0      , 0
MFQ, 0      , 0
MFR, 0.1875 , 0.03516
MFS, 0.08696, 0.00756
MFT, 0      , 0
MFV, 0.13333, 0.01778
MFW, 0.16667, 0.02778
MFY, 0.27273, 0.07438
MF_, 0      , 0
MGM, 0      , 0
MGN, 0.05556, 0.00309
MGP, 0.10811, 0.01169
MGQ, 0.03704, 0.00137
MGR, 0      , 0
MGS, 0.02778, 0.00077
MGT, 0.2    , 0.04
MGV, 0.06667, 0.00444
MGW, 0.3    , 0.09
MGY, 0      , 0
MG_, 0      , 0
MHM, 0      , 0
MHN, 0      , 0
MHP, 0.07692, 0.00592
MHQ, 0.125  , 0.01562
MHR, 0.08333, 0.00694
MHS, 0      , 0
MHT, 0      , 0
MHV, 0      , 0
MHW, 0.6    , 0.36
MHY, 0      , 0
MH_, 0      , 0
MIM, 0      , 0
MIN, 0.09091, 0.00826
MIP, 0.05882, 0.00346
MIQ, 0      , 0
MIR, 0.14286, 0.02041
MIS, 0      , 0
MIT, 0.03448, 0.00119
MIV, 0.11111, 0.01235
MIW, 0.5    , 0.25
MIY, 0.14286, 0.02041
MKM, 0.125  , 0.01562
MKN, 0.04   , 0.0016
MKP, 0.04348, 0.00189
MKQ, 0.06897, 0.00476
MKR, 0.07692, 0.00592
MKS, 0.03448, 0.00119
MKT, 0.03333, 0.00111
MKV, 0.08333, 0.00694
MKW, 0      , 0
MKY, 0      , 0
MK_, 0      , 0
MLM, 0      , 0
MLN, 0.07692, 0.00592
MLP, 0.10345, 0.0107
MLQ, 0.1    , 0.01
MLR, 0      , 0
MLS, 0.025  , 0.00063
MLT, 0.05556, 0.00309
MLV, 0.05263, 0.00277
MLW, 0      , 0
MLY, 0.05263, 0.00277
ML_, 1      , 1
MMM, 0      , 0
MMN, 0.07143, 0.0051
MMP, 0.2    , 0.04
MMQ, 0.375  , 0.14062
MMR, 0      , 0
MMS, 0.1    , 0.01
MMT, 0.33333, 0.11111
MMV, 0.18182, 0.03306
MMW, 0.5    , 0.25
MMY, 0.25   , 0.0625
MM_, 0      , 0
MNM, 0      , 0
MNN, 0.1875 , 0.03516
MNP, 0      , 0
MNQ, 0      , 0
MNR, 0.06667, 0.00444
MNS, 0.0625 , 0.00391
MNT, 0.08333, 0.00694
MNV, 0.04545, 0.00207
MNW, 0      , 0
MNY, 0.14286, 0.02041
MN_, 0      , 0
MPM, 0.66667, 0.44444
MPN, 0      , 0
MPP, 0.07692, 0.00592
MPQ, 0.125  , 0.01562
MPR, 0.13333, 0.01778
MPS, 0.03571, 0.00128
MPT, 0.05263, 0.00277
MPV, 0.06452, 0.00416
MPW, 0      , 0
MPY, 0      , 0
MP_, 0      , 0
MQM, 0.28571, 0.08163
MQN, 0      , 0
MQP, 0.05   , 0.0025
MQQ, 0.0625 , 0.00391
MQR, 0.13636, 0.0186
MQS, 0.04348, 0.00189
MQT, 0.1    , 0.01
MQV, 0.13333, 0.01778
MQW, 0      , 0
MQY, 0      , 0
MQ_, 0      , 0
MRM, 0      , 0
MRN, 0.09091, 0.00826
MRP, 0.07143, 0.0051
MRQ, 0.08333, 0.00694
MRR, 0.2069 , 0.04281
MRS, 0.03704, 0.00137
MRT, 0.15   , 0.0225
MRV, 0.09677, 0.00937
MRW, 0      , 0
MRY, 0.2    , 0.04
MR_, 0      , 0
MSM, 0      , 0
MSN, 0      , 0
MSP, 0.03704, 0.00137
MSQ, 0.05263, 0.00277
MSR, 0.06897, 0.00476
MSS, 0.125  , 0.01562
MST, 0.17241, 0.02973
MSV, 0.03125, 0.00098
MSW, 0      , 0
MSY, 0.17241, 0.02973
MS_, 0.16667, 0.02778
MTM, 0.09091, 0.00826
MTN, 0      , 0
MTP, 0.04762, 0.00227
MTQ, 0.05263, 0.00277
MTR, 0.05882, 0.00346
MTS, 0.04   , 0.0016
MTT, 0.08696, 0.00756
MTV, 0.12   , 0.0144
MTW, 0      , 0
MTY, 0.16667, 0.02778
MT_, 0      , 0
MVM, 0      , 0
MVN, 0.0625 , 0.00391
MVP, 0      , 0
MVQ, 0.04762, 0.00227
MVR, 0.05   , 0.0025
MVS, 0.05882, 0.00346
MVT, 0.0625 , 0.00391
MVV, 0      , 0
MVW, 0.28571, 0.08163
MVY, 0.23077, 0.05325
MV_, 0      , 0
MWN, 0.42857, 0.18367
MWP, 0.33333, 0.11111
MWQ, 0.4    , 0.16
MWR, 0      , 0
MWS, 0      , 0
MWT, 0      , 0
MWV, 0.25   , 0.0625
MWW, 0.2    , 0.04
MWY, 0.25   , 0.0625
MYM, 0      , 0
MYN, 0      , 0
MYP, 0.17647, 0.03114
MYQ, 0.16667, 0.02778
MYR, 0.08333, 0.00694
MYS, 0.14286, 0.02041
MYT, 0.09091, 0.00826
MYV, 0      , 0
MYW, 0.4    , 0.16
MYY, 0.13333, 0.01778
NAN, 0.05263, 0.00277
NAP, 0      , 0
NAQ, 0.09756, 0.00952
NAR, 0.02778, 0.00077
NAS, 0.0597 , 0.00356
NAT, 0.06   , 0.0036
NAV, 0.01923, 0.00037
NAW, 0.05882, 0.00346
NAY, 0.05714, 0.00327
NA_, 0      , 0
NCN, 0      , 0
NCP, 0      , 0
NCQ, 0      , 0
NCR, 0      , 0
NCS, 0      , 0
NCT, 0.05556, 0.00309
NCV, 0      , 0
NCW, 0.16667, 0.02778
NCY, 0.0625 , 0.00391
NDN, 0.05263, 0.00277
NDP, 0.05455, 0.00298
NDQ, 0.02632, 0.00069
NDR, 0.03922, 0.00154
NDS, 0.01818, 0.00033
NDT, 0.06667, 0.00444
NDV, 0.05357, 0.00287
NDW, 0.13333, 0.01778
NDY, 0.13889, 0.01929
ND_, 0      , 0
NEN, 0.08   , 0.0064
NEP, 0.04688, 0.0022
NEQ, 0.0303 , 0.00092
NER, 0.03279, 0.00107
NES, 0      , 0
NET, 0.03125, 0.00098
NEV, 0.02326, 0.00054
NEW, 0.04762, 0.00227
NEY, 0.0625 , 0.00391
NE_, 0      , 0
NFN, 0      , 0
NFP, 0.07143, 0.0051
NFQ, 0      , 0
NFR, 0.09091, 0.00826
NFS, 0.0339 , 0.00115
NFT, 0.06   , 0.0036
NFV, 0.05263, 0.00277
NFW, 0.18182, 0.03306
NFY, 0.16   , 0.0256
NF_, 0.5    , 0.25
NGN, 0.02778, 0.00077
NGP, 0.05   , 0.0025
NGQ, 0.02041, 0.00042
NGR, 0.0137 , 0.00019
NGS, 0.04301, 0.00185
NGT, 0.02381, 0.00057
NGV, 0.04444, 0.00198
NGW, 0.06667, 0.00444
NGY, 0.12727, 0.0162
NG_, 0      , 0
NHN, 0.3    , 0.09
NHP, 0.05   , 0.0025
NHQ, 0.14286, 0.02041
NHR, 0.2    , 0.04
NHS, 0.09524, 0.00907
NHT, 0.05   , 0.0025
NHV, 0.09091, 0.00826
NHW, 0      , 0
NHY, 0.0625 , 0.00391
NIN, 0.04   , 0.0016
NIP, 0.03922, 0.00154
NIQ, 0.0625 , 0.00391
NIR, 0.08333, 0.00694
NIS, 0.08108, 0.00657
NIT, 0.07463, 0.00557
NIV, 0.0597 , 0.00356
NIW, 0.05556, 0.00309
NIY, 0.12821, 0.01644
NI_, 0      , 0
NKN, 0      , 0
NKP, 0.04762, 0.00227
NKQ, 0.02564, 0.00066
NKR, 0.05085, 0.00259
NKS, 0.05357, 0.00287
NKT, 0.08197, 0.00672
NKV, 0.07317, 0.00535
NKW, 0.1    , 0.01
NKY, 0.04255, 0.00181
NK_, 0      , 0
NLN, 0      , 0
NLP, 0.06667, 0.00444
NLQ, 0.01754, 0.00031
NLR, 0.02899, 0.00084
NLS, 0.14851, 0.02206
NLT, 0.05376, 0.00289
NLV, 0.04819, 0.00232
NLW, 0.07143, 0.0051
NLY, 0.03175, 0.00101
NL_, 0      , 0
NMN, 0.14286, 0.02041
NMP, 0.27778, 0.07716
NMQ, 0.3    , 0.09
NMR, 0      , 0
NMS, 0      , 0
NMT, 0.05882, 0.00346
NMV, 0.13043, 0.01701
NMW, 0.16667, 0.02778
NMY, 0.18182, 0.03306
NM_, 0      , 0
NNN, 0.05   , 0.0025
NNP, 0.07317, 0.00535
NNQ, 0      , 0
NNR, 0.06977, 0.00487
NNS, 0.01887, 0.00036
NNT, 0.025  , 0.00063
NNV, 0.05556, 0.00309
NNW, 0.0625 , 0.00391
NNY, 0.06818, 0.00465
NN_, 0      , 0
NPN, 0.04762, 0.00227
NPP, 0      , 0
NPQ, 0.03333, 0.00111
NPR, 0.08   , 0.0064
NPS, 0.01389, 0.00019
NPT, 0.01923, 0.00037
NPV, 0.02273, 0.00052
NPW, 0      , 0
NPY, 0.06061, 0.00367
NP_, 0      , 0
NQN, 0      , 0
NQP, 0      , 0
NQQ, 0      , 0
NQR, 0.02703, 0.00073
NQS, 0.09434, 0.0089
NQT, 0.09677, 0.00937
NQV, 0.04348, 0.00189
NQW, 0      , 0
NQY, 0      , 0
NQ_, 0      , 0
NRN, 0.08696, 0.00756
NRP, 0.06667, 0.00444
NRQ, 0.09091, 0.00826
NRR, 0.05263, 0.00277
NRS, 0.17857, 0.03189
NRT, 0.09756, 0.00952
NRV, 0.04615, 0.00213
NRW, 0.23077, 0.05325
NRY, 0.15556, 0.0242
NR_, 0      , 0
NSN, 0.08333, 0.00694
NSP, 0.03509, 0.00123
NSQ, 0.05405, 0.00292
NSR, 0      , 0
NSS, 0.03226, 0.00104
NST, 0.03704, 0.00137
NSV, 0.08065, 0.0065
NSW, 0      , 0
NSY, 0      , 0
NS_, 0.14286, 0.02041
NTN, 0      , 0
NTP, 0      , 0
NTQ, 0.03125, 0.00098
NTR, 0      , 0
NTS, 0.05357, 0.00287
NTT, 0.11321, 0.01282
NTV, 0.01538, 0.00024
NTW, 0.0625 , 0.00391
NTY, 0.04878, 0.00238
NT_, 0      , 0
NVN, 0.04762, 0.00227
NVP, 0.05063, 0.00256
NVQ, 0.04348, 0.00189
NVR, 0.04167, 0.00174
NVS, 0.02941, 0.00087
NVT, 0.06849, 0.00469
NVV, 0.03704, 0.00137
NVW, 0      , 0
NVY, 0.10526, 0.01108
NWN, 0.11111, 0.01235
NWP, 0      , 0
NWQ, 0      , 0
NWR, 0.08333, 0.00694
NWS, 0.05   , 0.0025
NWT, 0.07143, 0.0051
NWV, 0.05882, 0.00346
NWW, 0      , 0
NWY, 0.57143, 0.32653
NYN, 0      , 0
NYP, 0.08333, 0.00694
NYQ, 0.21212, 0.045
NYR, 0.04444, 0.00198
NYS, 0.125  , 0.01562
NYT, 0.10811, 0.01169
NYV, 0.24528, 0.06016
NYW, 0      , 0
NYY, 0.25806, 0.0666
NY_, 0      , 0
PAP, 0.03704, 0.00137
PAQ, 0.02273, 0.00052
PAR, 0.04444, 0.00198
PAS, 0.04   , 0.0016
PAT, 0.01754, 0.00031
PAV, 0.02667, 0.00071
PAW, 0.09091, 0.00826
PAY, 0.02703, 0.00073
PA_, 0      , 0
PCP, 0.08333, 0.00694
PCQ, 0.05556, 0.00309
PCR, 0.1    , 0.01
PCS, 0.03571, 0.00128
PCT, 0.11111, 0.01235
PCV, 0.21429, 0.04592
PCW, 0      , 0
PCY, 0      , 0
PDP, 0.125  , 0.01562
PDQ, 0.07547, 0.0057
PDR, 0.06   , 0.0036
PDS, 0.04054, 0.00164
PDT, 0.01667, 0.00028
PDV, 0.02817, 0.00079
PDW, 0      , 0
PDY, 0.07843, 0.00615
PD_, 0      , 0
PEP, 0.09091, 0.00826
PEQ, 0.05   , 0.0025
PER, 0.01515, 0.00023
PES, 0.03797, 0.00144
PET, 0.04412, 0.00195
PEV, 0.09756, 0.00952
PEW, 0.18182, 0.03306
PEY, 0.09302, 0.00865
PE_, 0      , 0
PFP, 0.09524, 0.00907
PFQ, 0.2    , 0.04
PFR, 0.02174, 0.00047
PFS, 0.02083, 0.00043
PFT, 0.09615, 0.00925
PFV, 0.16667, 0.02778
PFW, 0.125  , 0.01562
PFY, 0.04545, 0.00207
PF_, 0      , 0
PGP, 0      , 0
PGQ, 0.04762, 0.00227
PGR, 0      , 0
PGS, 0.03158, 0.001
PGT, 0.04054, 0.00164
PGV, 0.01471, 0.00022
PGW, 0.04167, 0.00174
PGY, 0.02632, 0.00069
PG_, 0      , 0
PHP, 0.07143, 0.0051
PHQ, 0.07692, 0.00592
PHR, 0.05556, 0.00309
PHS, 0.09091, 0.00826
PHT, 0.0625 , 0.00391
PHV, 0.06452, 0.00416
PHW, 0      , 0
PHY, 0.125  , 0.01562
PH_, 0      , 0
PIP, 0.125  , 0.01562
PIQ, 0.08889, 0.0079
PIR, 0      , 0
PIS, 0.08451, 0.00714
PIT, 0.1    , 0.01
PIV, 0      , 0
PIW, 0      , 0
PIY, 0.1    , 0.01
PI_, 0      , 0
PKP, 0      , 0
PKQ, 0      , 0
PKR, 0.05455, 0.00298
PKS, 0.05172, 0.00268
PKT, 0.03704, 0.00137
PKV, 0.06024, 0.00363
PKW, 0      , 0
PKY, 0.02632, 0.00069
PK_, 0      , 0
PLP, 0.03846, 0.00148
PLQ, 0.01429, 0.0002
PLR, 0.02899, 0.00084
PLS, 0.04065, 0.00165
PLT, 0.01961, 0.00038
PLV, 0.03297, 0.00109
PLW, 0      , 0
PLY, 0.05556, 0.00309
PL_, 0      , 0
PMP, 0      , 0
PMQ, 0.07143, 0.0051
PMR, 0.1875 , 0.03516
PMS, 0      , 0
PMT, 0.16   , 0.0256
PMV, 0.26087, 0.06805
PMW, 0      , 0
PMY, 0      , 0
PM_, 0      , 0
PNP, 0      , 0
PNQ, 0.08824, 0.00779
PNR, 0.04255, 0.00181
PNS, 0.06383, 0.00407
PNT, 0.04444, 0.00198
PNV, 0.0678 , 0.0046
PNW, 0.15385, 0.02367
PNY, 0.07843, 0.00615
PN_, 0      , 0
PPP, 0.04167, 0.00174
PPQ, 0.02222, 0.00049
PPR, 0.025  , 0.00063
PPS, 0      , 0
PPT, 0.03448, 0.00119
PPV, 0      , 0
PPW, 0.1    , 0.01
PPY, 0.18182, 0.03306
PP_, 0      , 0
PQP, 0.04167, 0.00174
PQQ, 0      , 0
PQR, 0.05556, 0.00309
PQS, 0.03125, 0.00098
PQT, 0.07317, 0.00535
PQV, 0.12245, 0.01499
PQW, 0.125  , 0.01562
PQY, 0.21053, 0.04432
PQ_, 0      , 0
PRP, 0.1    , 0.01
PRQ, 0.10345, 0.0107
PRR, 0.04762, 0.00227
PRS, 0.05085, 0.00259
PRT, 0.13333, 0.01778
PRV, 0.10714, 0.01148
PRW, 0      , 0
PRY, 0.05714, 0.00327
PR_, 0.125  , 0.01562
PSP, 0      , 0
PSQ, 0.04762, 0.00227
PSR, 0      , 0
PSS, 0.075  , 0.00562
PST, 0.04545, 0.00207
PSV, 0.03488, 0.00122
PSW, 0.0625 , 0.00391
PSY, 0      , 0
PS_, 0      , 0
PTP, 0.05556, 0.00309
PTQ, 0.03125, 0.00098
PTR, 0.02703, 0.00073
PTS, 0.03077, 0.00095
PTT, 0.02174, 0.00047
PTV, 0      , 0
PTW, 0.11538, 0.01331
PTY, 0.03846, 0.00148
PT_, 0      , 0
PVP, 0.0625 , 0.00391
PVQ, 0.10638, 0.01132
PVR, 0.02128, 0.00045
PVS, 0.0463 , 0.00214
PVT, 0.03896, 0.00152
PVV, 0.02703, 0.00073
PVW, 0      , 0
PVY, 0.12121, 0.01469
PV_, 0      , 0
PWP, 0      , 0
PWQ, 0      , 0
PWR, 0      , 0
PWS, 0.1    , 0.01
PWT, 0.11111, 0.01235
PWV, 0      , 0
PWW, 0      , 0
PWY, 0      , 0
PYP, 0.10526, 0.01108
PYQ, 0.04167, 0.00174
PYR, 0.04167, 0.00174
PYS, 0.16667, 0.02778
PYT, 0.16216, 0.0263
PYV, 0.07547, 0.0057
PYW, 0.33333, 0.11111
PYY, 0.23077, 0.05325
PY_, 0      , 0
QAQ, 0      , 0
QAR, 0.04167, 0.00174
QAS, 0.03509, 0.00123
QAT, 0.08163, 0.00666
QAV, 0.06061, 0.00367
QAW, 0.08333, 0.00694
QAY, 0      , 0
QA_, 0      , 0
QCQ, 0      , 0
QCR, 0.05556, 0.00309
QCS, 0      , 0
QCT, 0.07143, 0.0051
QCV, 0      , 0
QCW, 0      , 0
QCY, 0      , 0
QDQ, 0      , 0
QDR, 0.0303 , 0.00092
QDS, 0.05128, 0.00263
QDT, 0.02083, 0.00043
QDV, 0.10938, 0.01196
QDW, 0      , 0
QDY, 0.02857, 0.00082
QD_, 0.14286, 0.02041
QEQ, 0.03125, 0.00098
QER, 0.01786, 0.00032
QES, 0.10145, 0.01029
QET, 0.02041, 0.00042
QEV, 0.0274 , 0.00075
QEW, 0.04762, 0.00227
QEY, 0.02381, 0.00057
QE_, 0      , 0
QFQ, 0      , 0
QFR, 0.10345, 0.0107
QFS, 0.09091, 0.00826
QFT, 0.07273, 0.00529
QFV, 0.0625 , 0.00391
QFW, 0      , 0
QFY, 0.125  , 0.01562
QF_, 0      , 0
QGQ, 0.03448, 0.00119
QGR, 0.04167, 0.00174
QGS, 0.05   , 0.0025
QGT, 0.03922, 0.00154
QGV, 0.06667, 0.00444
QGW, 0.07143, 0.0051
QGY, 0      , 0
QG_, 0      , 0
QHQ, 0.25   , 0.0625
QHR, 0      , 0
QHS, 0.07692, 0.00592
QHT, 0.16667, 0.02778
QHV, 0.04348, 0.00189
QHW, 0      , 0
QHY, 0      , 0
QIQ, 0.05556, 0.00309
QIR, 0.11364, 0.01291
QIS, 0.06122, 0.00375
QIT, 0.12195, 0.01487
QIV, 0.03636, 0.00132
QIW, 0      , 0
QIY, 0.03125, 0.00098
QI_, 0      , 0
QKQ, 0.06667, 0.00444
QKR, 0.06667, 0.00444
QKS, 0.06557, 0.0043
QKT, 0.06667, 0.00444
QKV, 0.01333, 0.00018
QKW, 0.04762, 0.00227
QKY, 0.0303 , 0.00092
QK_, 0      , 0
QLQ, 0.06061, 0.00367
QLR, 0.01471, 0.00022
QLS, 0.0381 , 0.00145
QLT, 0.06098, 0.00372
QLV, 0.06   , 0.0036
QLW, 0.16667, 0.02778
QLY, 0.06667, 0.00444
QL_, 0      , 0
QMQ, 0      , 0
QMR, 0      , 0
QMS, 0      , 0
QMT, 0.06667, 0.00444
QMV, 0.13636, 0.0186
QMW, 0      , 0
QMY, 0      , 0
QM_, 0      , 0
QNQ, 0.13333, 0.01778
QNR, 0.06452, 0.00416
QNS, 0.13636, 0.0186
QNT, 0.13333, 0.01778
QNV, 0.06122, 0.00375
QNW, 0.06667, 0.00444
QNY, 0.05714, 0.00327
QN_, 0      , 0
QPQ, 0      , 0
QPR, 0.08   , 0.0064
QPS, 0      , 0
QPT, 0      , 0
QPV, 0.0566 , 0.0032
QPW, 0.11111, 0.01235
QPY, 0      , 0
QP_, 0.2    , 0.04
QQQ, 0.04   , 0.0016
QQR, 0.03846, 0.00148
QQS, 0.04082, 0.00167
QQT, 0.02564, 0.00066
QQV, 0.125  , 0.01562
QQW, 0.0625 , 0.00391
QQY, 0.02778, 0.00077
QQ_, 0      , 0
QRQ, 0.125  , 0.01562
QRR, 0.09434, 0.0089
QRS, 0.05128, 0.00263
QRT, 0.02   , 0.0004
QRV, 0.07792, 0.00607
QRW, 0      , 0
QRY, 0.06452, 0.00416
QR_, 0      , 0
QSQ, 0      , 0
QSR, 0.03226, 0.00104
QSS, 0.03571, 0.00128
QST, 0.05455, 0.00298
QSV, 0.08333, 0.00694
QSW, 0      , 0
QSY, 0.02857, 0.00082
QS_, 0      , 0
QTQ, 0.14286, 0.02041
QTR, 0.08824, 0.00779
QTS, 0.04651, 0.00216
QTT, 0.11111, 0.01235
QTV, 0.0597 , 0.00356
QTW, 0      , 0
QTY, 0.06667, 0.00444
QT_, 0.33333, 0.11111
QVQ, 0.04762, 0.00227
QVR, 0.10526, 0.01108
QVS, 0.07143, 0.0051
QVT, 0.10169, 0.01034
QVV, 0.07955, 0.00633
QVW, 0.23077, 0.05325
QVY, 0.04878, 0.00238
QV_, 0      , 0
QWQ, 0.08333, 0.00694
QWR, 0.06667, 0.00444
QWS, 0.07692, 0.00592
QWT, 0.28571, 0.08163
QWV, 0.1875 , 0.03516
QWW, 0.25   , 0.0625
QWY, 0.125  , 0.01562
QYQ, 0.05263, 0.00277
QYR, 0.0625 , 0.00391
QYS, 0      , 0
QYT, 0.07692, 0.00592
QYV, 0.10811, 0.01169
QYW, 0.08333, 0.00694
QYY, 0.08333, 0.00694
QY_, 1      , 1
RAR, 0      , 0
RAS, 0.01724, 0.0003
RAT, 0      , 0
RAV, 0.0125 , 0.00016
RAW, 0      , 0
RAY, 0.08333, 0.00694
RA_, 0.1    , 0.01
RCR, 0      , 0
RCS, 0      , 0
RCT, 0      , 0
RCV, 0      , 0
RCW, 0.2    , 0.04
RCY, 0.15385, 0.02367
RC_, 0      , 0
RDR, 0.04348, 0.00189
RDS, 0.0625 , 0.00391
RDT, 0.06122, 0.00375
RDV, 0.09091, 0.00826
RDW, 0      , 0
RDY, 0.02703, 0.00073
RD_, 0      , 0
RER, 0.04255, 0.00181
RES, 0      , 0
RET, 0      , 0
REV, 0.00901, 0.00008
REW, 0.07143, 0.0051
REY, 0.04082, 0.00167
RE_, 0      , 0
RFR, 0      , 0
RFS, 0.10345, 0.0107
RFT, 0.08571, 0.00735
RFV, 0.08889, 0.0079
RFW, 0.09091, 0.00826
RFY, 0.125  , 0.01562
RF_, 0      , 0
RGR, 0.03571, 0.00128
RGS, 0.04167, 0.00174
RGT, 0.07937, 0.0063
RGV, 0.03488, 0.00122
RGW, 0.31818, 0.10124
RGY, 0.05   , 0.0025
RG_, 0      , 0
RHR, 0      , 0
RHS, 0.08333, 0.00694
RHT, 0.1    , 0.01
RHV, 0.13043, 0.01701
RHW, 0      , 0
RHY, 0      , 0
RH_, 0      , 0
RIR, 0.16   , 0.0256
RIS, 0.10938, 0.01196
RIT, 0.04762, 0.00227
RIV, 0      , 0
RIW, 0      , 0
RIY, 0.1    , 0.01
RI_, 0      , 0
RKR, 0.0625 , 0.00391
RKS, 0.05882, 0.00346
RKT, 0.01724, 0.0003
RKV, 0.01449, 0.00021
RKW, 0.21429, 0.04592
RKY, 0.04545, 0.00207
RK_, 0      , 0
RLR, 0.01923, 0.00037
RLS, 0.05983, 0.00358
RLT, 0.05357, 0.00287
RLV, 0.07207, 0.00519
RLW, 0      , 0
RLY, 0.08065, 0.0065
RL_, 0.16667, 0.02778
RMR, 0.16667, 0.02778
RMS, 0.06897, 0.00476
RMT, 0.05263, 0.00277
RMV, 0.04348, 0.00189
RMW, 0.11111, 0.01235
RMY, 0.11111, 0.01235
RM_, 0.2    , 0.04
RNR, 0.13636, 0.0186
RNS, 0.12766, 0.0163
RNT, 0.11429, 0.01306
RNV, 0.09524, 0.00907
RNW, 0      , 0
RNY, 0.03226, 0.00104
RN_, 0      , 0
RPR, 0.04545, 0.00207
RPS, 0.03509, 0.00123
RPT, 0.10204, 0.01041
RPV, 0.02817, 0.00079
RPW, 0      , 0
RPY, 0.04762, 0.00227
RP_, 0.33333, 0.11111
RQR, 0      , 0
RQS, 0.05085, 0.00259
RQT, 0.05405, 0.00292
RQV, 0.08065, 0.0065
RQW, 0      , 0
RQY, 0.12   , 0.0144
RQ_, 0      , 0
RRR, 0.09375, 0.00879
RRS, 0.14035, 0.0197
RRT, 0.1875 , 0.03516
RRV, 0.02703, 0.00073
RRW, 0      , 0
RRY, 0.14583, 0.02127
RR_, 0      , 0
RSR, 0.07407, 0.00549
RSS, 0.02469, 0.00061
RST, 0.01754, 0.00031
RSV, 0.01149, 0.00013
RSW, 0      , 0
RSY, 0.06122, 0.00375
RS_, 0      , 0
RTR, 0.13636, 0.0186
RTS, 0.04839, 0.00234
RTT, 0.12766, 0.0163
RTV, 0.11957, 0.0143
RTW, 0.125  , 0.01562
RTY, 0.11429, 0.01306
RT_, 0.5    , 0.25
RVR, 0.1    , 0.01
RVS, 0.0303 , 0.00092
RVT, 0.08571, 0.00735
RVV, 0.08602, 0.0074
RVW, 0.14286, 0.02041
RVY, 0.02381, 0.00057
RV_, 0.4    , 0.16
RWR, 0      , 0
RWS, 0.36842, 0.13573
RWT, 0.18182, 0.03306
RWV, 0.04545, 0.00207
RWW, 0.33333, 0.11111
RWY, 0.125  , 0.01562
RW_, 0      , 0
RYR, 0.13043, 0.01701
RYS, 0.09615, 0.00925
RYT, 0.07895, 0.00623
RYV, 0.13725, 0.01884
RYW, 0.33333, 0.11111
RYY, 0.14815, 0.02195
SAS, 0.025  , 0.00063
SAT, 0.02857, 0.00082
SAV, 0.02273, 0.00052
SAW, 0.04545, 0.00207
SAY, 0.01961, 0.00038
SA_, 0      , 0
SCS, 0      , 0
SCT, 0      , 0
SCV, 0.0303 , 0.00092
SCW, 0.2    , 0.04
SCY, 0.11111, 0.01235
SC_, 0      , 0
SDS, 0.04255, 0.00181
SDT, 0.03175, 0.00101
SDV, 0.05941, 0.00353
SDW, 0.06897, 0.00476
SDY, 0.05263, 0.00277
SD_, 0      , 0
SES, 0.04545, 0.00207
SET, 0      , 0
SEV, 0.06122, 0.00375
SEW, 0      , 0
SEY, 0.01852, 0.00034
SE_, 0.2    , 0.04
SFS, 0.11905, 0.01417
SFT, 0.05263, 0.00277
SFV, 0.13559, 0.01839
SFW, 0.125  , 0.01562
SFY, 0.15789, 0.02493
SGS, 0.10714, 0.01148
SGT, 0.06731, 0.00453
SGV, 0.05769, 0.00333
SGW, 0.05   , 0.0025
SGY, 0.04545, 0.00207
SG_, 0.04348, 0.00189
SHS, 0.05   , 0.0025
SHT, 0.05882, 0.00346
SHV, 0.09677, 0.00937
SHW, 0.6    , 0.36
SHY, 0.11765, 0.01384
SH_, 0      , 0
SIS, 0.18605, 0.03461
SIT, 0.03333, 0.00111
SIV, 0.07143, 0.0051
SIW, 0.06667, 0.00444
SIY, 0.02941, 0.00087
SI_, 0      , 0
SKS, 0.09756, 0.00952
SKT, 0.07895, 0.00623
SKV, 0.04396, 0.00193
SKW, 0.05263, 0.00277
SKY, 0.06122, 0.00375
SK_, 0      , 0
SLS, 0.06742, 0.00454
SLT, 0.05556, 0.00309
SLV, 0.05263, 0.00277
SLW, 0.09091, 0.00826
SLY, 0.01351, 0.00018
SL_, 0.11111, 0.01235
SMS, 0.19048, 0.03628
SMT, 0.05   , 0.0025
SMV, 0.06452, 0.00416
SMW, 0.14286, 0.02041
SMY, 0.11765, 0.01384
SM_, 0      , 0
SNS, 0.04167, 0.00174
SNT, 0      , 0
SNV, 0.06579, 0.00433
SNW, 0.04545, 0.00207
SNY, 0.23684, 0.05609
SN_, 0      , 0
SPS, 0.02778, 0.00077
SPT, 0      , 0
SPV, 0.03947, 0.00156
SPW, 0.07692, 0.00592
SPY, 0.03774, 0.00142
SP_, 0.2    , 0.04
SQS, 0.05714, 0.00327
SQT, 0.04878, 0.00238
SQV, 0.02857, 0.00082
SQW, 0.14286, 0.02041
SQY, 0.04348, 0.00189
SQ_, 0      , 0
SRS, 0.075  , 0.00562
SRT, 0.02128, 0.00045
SRV, 0.08791, 0.00773
SRW, 0      , 0
SRY, 0.05556, 0.00309
SR_, 0      , 0
SSS, 0.07143, 0.0051
SST, 0.07609, 0.00579
SSV, 0.07463, 0.00557
SSW, 0.09091, 0.00826
SSY, 0.11475, 0.01317
SS_, 0.05882, 0.00346
STS, 0.13158, 0.01731
STT, 0.09859, 0.00972
STV, 0      , 0
STW, 0.11765, 0.01384
STY, 0.06818, 0.00465
ST_, 0.11111, 0.01235
SVS, 0.02439, 0.00059
SVT, 0.10256, 0.01052
SVV, 0.04124, 0.0017
SVW, 0.0625 , 0.00391
SVY, 0      , 0
SV_, 0      , 0
SWS, 0.22222, 0.04938
SWT, 0.08333, 0.00694
SWV, 0.15385, 0.02367
SWW, 0      , 0
SWY, 0.2    , 0.04
SW_, 1      , 1
SYS, 0.19355, 0.03746
SYT, 0.07463, 0.00557
SYV, 0.1194 , 0.01426
SYW, 0.09091, 0.00826
SYY, 0.08824, 0.00779
SY_, 0.5    , 0.25
TAT, 0.05405, 0.00292
TAV, 0.02597, 0.00067
TAW, 0      , 0
TAY, 0.05128, 0.00263
TA_, 0.125  , 0.01562
TCT, 0      , 0
TCV, 0.26667, 0.07111
TCW, 0      , 0
TCY, 0.3    , 0.09
TDT, 0.06897, 0.00476
TDV, 0.06667, 0.00444
TDW, 0.1875 , 0.03516
TDY, 0.1    , 0.01
TD_, 0.11111, 0.01235
TET, 0.05405, 0.00292
TEV, 0.07595, 0.00577
TEW, 0.16667, 0.02778
TEY, 0.07407, 0.00549
TE_, 0      , 0
TFT, 0.05714, 0.00327
TFV, 0.13725, 0.01884
TFW, 0      , 0
TFY, 0.09375, 0.00879
TF_, 0      , 0
TGT, 0.09259, 0.00857
TGV, 0.02632, 0.00069
TGW, 0.07692, 0.00592
TGY, 0.05   , 0.0025
TG_, 0      , 0
THT, 0.22222, 0.04938
THV, 0.0303 , 0.00092
THW, 0      , 0
THY, 0.1    , 0.01
TIT, 0.09091, 0.00826
TIV, 0.01754, 0.00031
TIW, 0      , 0
TIY, 0.12821, 0.01644
TI_, 0      , 0
TKT, 0.11429, 0.01306
TKV, 0.06897, 0.00476
TKW, 0      , 0
TKY, 0      , 0
TK_, 0      , 0
TLT, 0.04615, 0.00213
TLV, 0.04237, 0.0018
TLW, 0.14286, 0.02041
TLY, 0.05085, 0.00259
TL_, 0      , 0
TMT, 0.33333, 0.11111
TMV, 0.09524, 0.00907
TMW, 0      , 0
TMY, 0.07692, 0.00592
TM_, 0      , 0
TNT, 0.06667, 0.00444
TNV, 0.10811, 0.01169
TNW, 0      , 0
TNY, 0.02703, 0.00073
TN_, 0      , 0
TPT, 0.13333, 0.01778
TPV, 0.03797, 0.00144
TPW, 0.11765, 0.01384
TPY, 0.08333, 0.00694
TP_, 0      , 0
TQT, 0.07143, 0.0051
TQV, 0.08065, 0.0065
TQW, 0.16667, 0.02778
TQY, 0.09091, 0.00826
TQ_, 0.14286, 0.02041
TRT, 0.06452, 0.00416
TRV, 0.09589, 0.00919
TRW, 0.2    , 0.04
TRY, 0.05128, 0.00263
TR_, 0      , 0
TST, 0.02941, 0.00087
TSV, 0.06742, 0.00454
TSW, 0.1    , 0.01
TSY, 0.04545, 0.00207
TS_, 0      , 0
TTT, 0.18182, 0.03306
TTV, 0.03704, 0.00137
TTW, 0.04545, 0.00207
TTY, 0.1    , 0.01
TT_, 0.4    , 0.16
TVT, 0.05714, 0.00327
TVV, 0.03614, 0.00131
TVW, 0      , 0
TVY, 0.0625 , 0.00391
TV_, 0      , 0
TWT, 0.08333, 0.00694
TWV, 0.1875 , 0.03516
TWW, 0.25   , 0.0625
TWY, 0.2    , 0.04
TW_, 0      , 0
TYT, 0.03571, 0.00128
TYV, 0.15556, 0.0242
TYW, 0      , 0
TYY, 0.13953, 0.01947
TY_, 0      , 0
VAV, 0.0625 , 0.00391
VAW, 0.05882, 0.00346
VAY, 0.09524, 0.00907
VA_, 0      , 0
VCV, 0.125  , 0.01562
VCW, 0      , 0
VCY, 0.07143, 0.0051
VDV, 0.05263, 0.00277
VDW, 0.10345, 0.0107
VDY, 0.05   , 0.0025
VD_, 0      , 0
VEV, 0.06154, 0.00379
VEW, 0      , 0
VEY, 0.11765, 0.01384
VE_, 0      , 0
VFV, 0.11538, 0.01331
VFW, 0.14286, 0.02041
VFY, 0.11765, 0.01384
VF_, 0.16667, 0.02778
VGV, 0.05   , 0.0025
VGW, 0.22222, 0.04938
VGY, 0.06   , 0.0036
VG_, 0      , 0
VHV, 0.13793, 0.01902
VHW, 0.16667, 0.02778
VHY, 0.04545, 0.00207
VH_, 0      , 0
VIV, 0.03125, 0.00098
VIW, 0.125  , 0.01562
VIY, 0.08824, 0.00779
VI_, 0      , 0
VKV, 0.05455, 0.00298
VKW, 0      , 0
VKY, 0.06897, 0.00476
VK_, 0      , 0
VLV, 0.02273, 0.00052
VLW, 0.04545, 0.00207
VLY, 0.01852, 0.00034
VL_, 0      , 0
VMV, 0.08696, 0.00756
VMW, 0.2    , 0.04
VMY, 0.2    , 0.04
VM_, 0      , 0
VNV, 0.1087 , 0.01181
VNW, 0.05882, 0.00346
VNY, 0.06061, 0.00367
VN_, 0      , 0
VPV, 0.07547, 0.0057
VPW, 0      , 0
VPY, 0.08   , 0.0064
VP_, 0      , 0
VQV, 0.06522, 0.00425
VQW, 0      , 0
VQY, 0      , 0
VQ_, 0      , 0
VRV, 0.09804, 0.00961
VRW, 0.03448, 0.00119
VRY, 0.12727, 0.0162
VR_, 0      , 0
VSV, 0.03774, 0.00142
VSW, 0.25   , 0.0625
VSY, 0.05063, 0.00256
VS_, 0      , 0
VTV, 0.01449, 0.00021
VTW, 0      , 0
VTY, 0.07895, 0.00623
VT_, 0.14286, 0.02041
VVV, 0.09091, 0.00826
VVW, 0.08333, 0.00694
VVY, 0.09302, 0.00865
VV_, 0      , 0
VWV, 0.28571, 0.08163
VWW, 0      , 0
VWY, 0.11111, 0.01235
VW_, 0      , 0
VYV, 0.07692, 0.00592
VYW, 0      , 0
VYY, 0.08   , 0.0064
VY_, 0      , 0
WAW, 0      , 0
WAY, 0      , 0
WA_, 0      , 0
WCY, 0      , 0
WC_, 0      , 0
WDW, 0      , 0
WDY, 0.07692, 0.00592
WD_, 0      , 0
WEW, 0      , 0
WEY, 0.1    , 0.01
WFY, 0.2    , 0.04
WF_, 0      , 0
WGW, 0      , 0
WGY, 0.1    , 0.01
WG_, 0      , 0
WHY, 0      , 0
WH_, 0      , 0
WIW, 0      , 0
WIY, 0      , 0
WKW, 0      , 0
WKY, 0      , 0
WK_, 0      , 0
WLW, 0      , 0
WLY, 0.08333, 0.00694
WMW, 0      , 0
WMY, 0      , 0
WNW, 0      , 0
WNY, 0      , 0
WN_, 0      , 0
WPW, 0      , 0
WPY, 0      , 0
WP_, 0      , 0
WQW, 1      , 1
WQY, 0      , 0
WQ_, 0      , 0
WRW, 0      , 0
WRY, 0      , 0
WSW, 0      , 0
WSY, 0.3125 , 0.09766
WS_, 0      , 0
WTW, 0      , 0
WTY, 0      , 0
WVY, 0.2    , 0.04
WWY, 0      , 0
WYW, 0      , 0
WYY, 0.16667, 0.02778
YAY, 0.06667, 0.00444
YA_, 0      , 0
YCY, 0.2    , 0.04
YDY, 0.1    , 0.01
YD_, 0      , 0
YEY, 0      , 0
YE_, 0      , 0
YFY, 0.14286, 0.02041
YGY, 0.16667, 0.02778
YG_, 0      , 0
YHY, 0.2    , 0.04
YH_, 0      , 0
YIY, 0.1    , 0.01
YI_, 0      , 0
YKY, 0      , 0
YLY, 0.05882, 0.00346
YL_, 0      , 0
YMY, 0.1    , 0.01
YM_, 0      , 0
YNY, 0.05   , 0.0025
YN_, 0      , 0
YPY, 0.1    , 0.01
YP_, 0      , 0
YQY, 0      , 0
YRY, 0      , 0
YR_, 0      , 0
YSY, 0.07143, 0.0051
YS_, 0      , 0
YTY, 0      , 0
YT_, 0      , 0
YVY, 0.25   , 0.0625
YV_, 0      , 0
YWY, 0.33333, 0.11111
YYY, 0.0625 , 0.00391
YY_, 0      , 0
