ALA.C,0.414674912
ALA.CA,0.627277286
ALA.CB,1.551729901
ALA.N,0.772020725
ALA.O,0.7100117
ARG.C,0.157568426
ARG.CA,0.234840466
ARG.CB,0.380311508
ARG.CD,0.708150612
ARG.CG,0.425979132
ARG.CZ,1.332678058
ARG.N,0.320580674
ARG.NE,0.988658703
ARG.NH1,1.6215031
ARG.NH2,2.04929684
ARG.O,0.202631181
ASN.C,0.278524946
ASN.CA,0.327765727
ASN.CB,0.536442516
ASN.CG,0.934707158
ASN.N,0.422993492
ASN.ND2,1.890672451
ASN.O,0.45032538
ASN.OD1,1.353145336
ASP.C,0.270294222
ASP.CA,0.392059553
ASP.CB,0.383551932
ASP.CG,1.321517192
ASP.N,0.334101382
ASP.O,0.290677065
ASP.OD1,1.92786246
ASP.OD2,2.158808933
CYS.C,0.464306785
CYS.CA,0.597640118
CYS.CB,0.895575221
CYS.N,0.492625369
CYS.O,0.791150442
CYS.SG,1.424778761
GLN.C,0.233201581
GLN.CA,0.312971613
GLN.CB,0.438016529
GLN.CD,0.982752425
GLN.CG,0.561264822
GLN.N,0.314408911
GLN.NE2,1.584980237
GLN.O,0.3729788
GLN.OE1,1.518864535
GLU.C,0.238050166
GLU.CA,0.244202556
GLU.CB,0.214150497
GLU.CD,1.122574539
GLU.CG,0.337908187
GLU.N,0.208234737
GLU.O,0.379081874
GLU.OE1,1.715097018
GLU.OE2,1.835068623
GLY.C,0.967630163
GLY.CA,1.974833592
GLY.N,1.417251755
GLY.O,0.928877542
HIS.C,0.184428988
HIS.CA,0.229302221
HIS.CB,0.434821629
HIS.CD,0.981826341
HIS.CE,1.44940543
HIS.CG,0.442001346
HIS.N,0.200358986
HIS.ND1,0.855732556
HIS.NE2,1.792910029
HIS.O,0.309625309
ILE.C,0.243912338
ILE.CA,0.313108766
ILE.CB,0.343141234
ILE.CD,1.122767857
ILE.CG,0.669642857
ILE.CG2,0.974837662
ILE.N,0.450892857
ILE.O,0.553977273
LEU.C,0.305960685
LEU.CA,0.289949271
LEU.CB,0.417564997
LEU.CD,0.99445149
LEU.CD2,0.887761573
LEU.CG,0.309923906
LEU.N,0.476220672
LEU.O,0.593532023
LYS.C,0.206919946
LYS.CA,0.397331524
LYS.CB,0.44843962
LYS.CD,0.557892356
LYS.CE,1.342152872
LYS.CG,0.490275893
LYS.N,0.639755767
LYS.NZ,2.42152872
LYS.O,0.217548621
MET.C,0.256551141
MET.CA,0.373203719
MET.CB,0.622992392
MET.CE,1.154691462
MET.CG,0.750211327
MET.N,0.503381234
MET.O,0.469146238
MET.SD,0.945477599
PHE.C,0.215932066
PHE.CA,0.223210675
PHE.CB,0.497573797
PHE.CD,0.718358269
PHE.CD2,0.709664375
PHE.CE,1.012939749
PHE.CE2,1.000202184
PHE.CG,0.45430651
PHE.CZ,1.160129397
PHE.N,0.28952689
PHE.O,0.432066316
PRO.C,0.37531577
PRO.CA,0.359076146
PRO.CB,0.628293035
PRO.CD,0.985564778
PRO.CG,1.007578492
PRO.N,0.235654998
PRO.O,0.76290148
SER.C,0.412810297
SER.CA,0.704259884
SER.CB,1.267391971
SER.N,0.792522219
SER.O,0.541679436
SER.OG,2.0452038
THR.C,0.330413625
THR.CA,0.507866991
THR.CB,0.908515815
THR.CG,1.00973236
THR.N,0.691484185
THR.O,0.517923763
THR.OG1,1.797080292
TRP.C,0.196534235
TRP.CA,0.207523246
TRP.CB,0.489433643
TRP.CD,0.796280642
TRP.CD2,0.672020287
TRP.CE2,0.954353339
TRP.CE3,0.71386306
TRP.CG,0.519442096
TRP.CH2,0.928994083
TRP.CZ2,1.1386306
TRP.CZ3,0.781910397
TRP.N,0.199915469
TRP.NE1,1.179628064
TRP.O,0.33262891
TYR.C,0.168014376
TYR.CA,0.220125786
TYR.CB,0.422461815
TYR.CD,0.589218329
TYR.CD2,0.608086253
TYR.CE,0.903504043
TYR.CE2,0.87672956
TYR.CG,0.39442947
TYR.CZ,0.955256065
TYR.N,0.204312668
TYR.O,0.273674753
TYR.OH,2.02821204
VAL.C,0.297350343
VAL.CA,0.312463199
VAL.CB,0.386849853
VAL.CG,0.947988224
VAL.CG2,1.067713445
VAL.N,0.555642787
VAL.O,0.697154073
