ALA.C,0.372839506
ALA.CA,0.555555556
ALA.CB,1.241975309
ALA.N,0.513580247
ALA.O,0.567901235
ARG.C,0.116225547
ARG.CA,0.181818182
ARG.CB,0.285960875
ARG.CD,0.466052934
ARG.CG,0.306098964
ARG.CZ,0.98273878
ARG.N,0.219217491
ARG.NE,0.722669735
ARG.NH1,1.180667434
ARG.NH2,1.54027618
ARG.O,0.186996548
ASN.C,0.252857143
ASN.CA,0.35
ASN.CB,0.664285714
ASN.CG,1.092857143
ASN.N,0.37
ASN.ND2,2.018571429
ASN.O,0.372857143
ASN.OD1,1.044285714
ASP.C,0.286576169
ASP.CA,0.401206637
ASP.CB,0.58974359
ASP.CG,0.690799397
ASP.N,0.499245852
ASP.O,0.408748115
ASP.OD1,0.915535445
ASP.OD2,0.859728507
CYS.C,0.151898734
CYS.CA,1.082278481
CYS.CB,2.272151899
CYS.N,0.5
CYS.O,0.17721519
CYS.SG,3.759493671
GLN.C,0.180672269
GLN.CA,0.306722689
GLN.CB,0.474789916
GLN.CD,0.56092437
GLN.CG,0.527310924
GLN.N,0.413865546
GLN.NE2,1.031512605
GLN.O,0.334033613
GLN.OE1,0.682773109
GLU.C,0.219215156
GLU.CA,0.370771313
GLU.CB,0.414073072
GLU.CD,0.638700947
GLU.CG,0.397834912
GLU.N,0.405953992
GLU.O,0.296346414
GLU.OE1,0.810554804
GLU.OE2,0.964817321
GLY.C,0.694915254
GLY.CA,1.437288136
GLY.N,1.208474576
GLY.O,0.738983051
HIS.C,0.204161248
HIS.CA,0.358907672
HIS.CB,0.485045514
HIS.CD,1.301690507
HIS.CE,1.77893368
HIS.CG,0.425227568
HIS.N,0.243172952
HIS.ND1,0.945383615
HIS.NE2,2.356306892
HIS.O,0.183355007
ILE.C,0.187165775
ILE.CA,0.229946524
ILE.CB,0.278074866
ILE.CD,0.818181818
ILE.CG,0.409090909
ILE.CG2,0.582887701
ILE.N,0.368983957
ILE.O,0.363636364
LEU.C,0.177570093
LEU.CA,0.205607477
LEU.CB,0.306853583
LEU.CD,0.691588785
LEU.CD2,0.721183801
LEU.CG,0.152647975
LEU.N,0.274143302
LEU.O,0.387850467
LYS.C,0.175661376
LYS.CA,0.247619048
LYS.CB,0.364021164
LYS.CD,0.532275132
LYS.CE,0.814814815
LYS.CG,0.24973545
LYS.N,0.323809524
LYS.NZ,1.453968254
LYS.O,0.232804233
MET.C,0.272321429
MET.CA,0.401785714
MET.CB,0.598214286
MET.CE,0.785714286
MET.CG,0.491071429
MET.N,0.491071429
MET.O,0.258928571
MET.SD,0.696428571
PHE.C,0.226495726
PHE.CA,0.271367521
PHE.CB,0.474358974
PHE.CD,0.542735043
PHE.CD2,0.405982906
PHE.CE,0.784188034
PHE.CE2,0.566239316
PHE.CG,0.277777778
PHE.CZ,0.698717949
PHE.N,0.314102564
PHE.O,0.39957265
PRO.C,0.349900596
PRO.CA,0.445328032
PRO.CB,0.562624254
PRO.CD,0.5944334
PRO.CG,0.566600398
PRO.N,0.220675944
PRO.O,0.423459245
SER.C,0.351735016
SER.CA,0.651419558
SER.CB,1.186119874
SER.N,0.624605678
SER.O,0.441640379
SER.OG,1.416403785
THR.C,0.313213703
THR.CA,0.481239804
THR.CB,0.763458401
THR.CG,0.662316476
THR.N,0.5954323
THR.O,0.432300163
THR.OG1,1.414355628
TRP.C,0.134185304
TRP.CA,0.185303514
TRP.CB,0.447284345
TRP.CD,0.658146965
TRP.CD2,0.565495208
TRP.CE2,0.728434505
TRP.CE3,0.610223642
TRP.CG,0.428115016
TRP.CH2,0.766773163
TRP.CZ2,0.769968051
TRP.CZ3,0.82428115
TRP.N,0.198083067
TRP.NE1,1.309904153
TRP.O,0.392971246
TYR.C,0.17057903
TYR.CA,0.17370892
TYR.CB,0.328638498
TYR.CD,0.323943662
TYR.CD2,0.34741784
TYR.CE,0.715179969
TYR.CE2,0.552425665
TYR.CG,0.214397496
TYR.CZ,0.680751174
TYR.N,0.162754304
TYR.O,0.297339593
TYR.OH,1.17370892
VAL.C,0.18404908
VAL.CA,0.208588957
VAL.CB,0.242331288
VAL.CG,0.858895706
VAL.CG2,0.763803681
VAL.N,0.187116564
VAL.O,0.450920245
