indexId,ALA,CYS,ASP,GLU,PHE,GLY,HIS,ILE,LYS,LEU,MET,ASN,PRO,GLN,ARG,SER,THR,VAL,TRP,TYR
VASM830101,0.135,0.159,0.289,0.184,0.087,0.051,0.223,0.173,0.17,0.215,0.239,0.196,0.151,0.236,0.296,0.01,0.1,0.285,0.166,0.066
VASM830102,0.507,0.592,0.223,0.445,0.077,0.39,0.31,0.111,0.559,0.619,0.431,0.287,0.739,0.383,0.459,0.689,0.785,0.356,0.16,0.06
VASM830103,0.159,0.187,0.283,0.206,0.682,0.049,0.233,0.581,0.159,0.083,0.198,0.385,0.366,0.236,0.194,0.15,0.074,0.301,0.463,0.737
FASG760104,9.69,8.35,9.6,9.67,9.18,9.78,9.17,9.68,9.18,9.6,9.21,8.8,10.64,9.13,8.99,9.21,9.1,9.62,9.44,9.11
FASG760103,1.8,-16.5,5.05,12.0,-34.5,0.0,-38.5,12.4,14.6,-11.0,-10.0,-5.6,-86.2,6.3,12.5,-7.5,-28.0,5.63,-33.7,-10.0
FASG760102,297.0,178.0,270.0,249.0,284.0,290.0,277.0,284.0,224.0,337.0,283.0,236.0,222.0,185.0,238.0,228.0,253.0,293.0,282.0,344.0
FASG760101,89.09,121.15,133.1,147.13,165.19,75.07,155.16,131.17,146.19,131.17,149.21,132.12,115.13,146.15,174.2,105.09,119.12,117.15,204.24,181.19
FASG760105,2.34,1.92,1.88,2.1,2.16,2.35,1.82,2.36,2.16,2.36,2.28,2.02,1.95,2.17,1.82,2.19,2.09,2.32,2.43,2.2
WERD780103,0.15,-0.19,-0.22,0.14,1.18,0.36,-0.25,0.02,-0.16,0.06,0.11,0.69,0.11,-0.06,-0.37,0.13,0.28,-0.08,-0.12,0.19
WERD780102,0.16,-0.12,-0.24,-0.45,-0.25,-0.16,-0.18,-0.19,-0.12,-0.44,-0.79,1.03,-0.59,-0.55,-0.2,-0.01,0.05,-0.46,-0.33,-0.42
KUMS000101,8.9,0.6,6.3,6.9,3.3,9.4,2.2,7.0,6.1,7.4,2.3,4.4,4.2,2.8,4.6,4.0,5.7,8.2,1.3,4.5
WERD780104,-0.07,0.17,-0.8,-0.63,0.4,0.27,-0.49,0.06,-0.45,-0.17,0.03,-0.57,-0.47,-0.26,-0.4,-0.11,0.09,-0.11,-0.61,-0.61
KUMS000102,9.2,1.0,6.0,6.0,3.4,9.4,2.1,6.0,6.5,7.7,2.4,5.1,4.2,2.9,3.6,5.5,5.7,8.2,1.2,3.7
KUMS000103,14.1,0.1,5.7,8.8,5.0,4.1,2.0,7.1,7.7,9.1,3.3,3.2,0.7,3.7,5.5,3.9,4.4,5.9,1.2,4.5
KUMS000104,13.4,0.8,4.6,7.8,4.5,4.6,3.3,6.5,7.5,10.6,3.0,3.7,1.3,4.8,3.9,3.8,4.6,7.1,1.0,3.3
WERD780101,0.52,0.83,0.37,0.38,0.87,0.41,0.7,0.79,0.31,0.77,0.76,0.42,0.35,0.35,0.49,0.49,0.38,0.72,0.86,0.64
MEEJ800101,0.5,-6.8,-8.2,-16.9,13.2,0.0,-3.5,13.9,0.1,8.8,4.8,0.8,6.1,-4.8,0.8,1.2,2.7,2.7,14.9,6.1
VELV850101,0.03731,0.08292,0.1263,0.0058,0.0946,0.00499,0.02415,0.0,0.0371,0.0,0.08226,0.00359,0.01979,0.07606,0.09593,0.08292,0.09408,0.00569,0.05481,0.05159
MEEJ800102,-0.1,-2.2,-2.8,-7.5,13.9,-0.5,0.8,11.8,-3.2,10.0,7.1,-1.6,8.0,-2.5,-4.5,-3.7,1.5,3.3,18.1,8.2
LEVM780106,0.79,0.79,1.47,1.02,0.77,1.67,0.81,0.5,0.99,0.57,0.51,1.25,1.78,0.92,0.9,1.3,0.97,0.46,0.79,0.93
LEVM780101,1.29,1.11,1.04,1.44,1.07,0.56,1.22,0.97,1.23,1.3,1.47,0.9,0.52,1.27,0.96,0.82,0.82,0.91,0.99,0.72
LEVM780104,1.32,0.92,1.03,1.44,1.02,0.61,1.31,0.93,1.25,1.31,1.39,0.95,0.58,1.1,0.98,0.76,0.79,0.93,0.97,0.73
LEVM780105,0.86,1.04,0.69,0.66,1.21,0.89,0.85,1.47,0.77,1.04,0.93,0.73,0.68,1.0,0.97,1.02,1.27,1.43,1.26,1.31
LEVM780102,0.9,0.74,0.72,0.75,1.32,0.92,1.08,1.45,0.77,1.02,0.97,0.76,0.64,0.8,0.99,0.95,1.21,1.49,1.14,1.25
LEVM780103,0.77,0.81,1.41,0.99,0.59,1.64,0.68,0.51,0.96,0.58,0.41,1.28,1.91,0.98,0.88,1.32,1.04,0.47,0.76,1.05
JANJ790102,0.3,0.9,-0.6,-0.7,0.5,0.3,-0.1,0.7,-1.8,0.5,0.4,-0.5,-0.3,-0.7,-1.4,-0.1,-0.2,0.6,0.3,-0.4
QIAN880129,-0.43,0.19,-0.31,-0.41,0.25,-0.21,0.21,0.29,0.33,-0.1,-0.01,0.0,0.28,0.14,0.06,-0.23,-0.26,-0.1,0.15,0.09
QIAN880128,-0.19,0.41,0.09,-0.2,0.07,0.28,-0.19,-0.06,-0.2,0.34,0.45,-0.38,0.04,0.04,0.17,-0.23,-0.02,0.05,0.16,0.22
QIAN880125,-0.02,-0.02,0.11,0.1,-0.03,0.38,-0.09,-0.48,-0.39,-0.26,-0.14,0.03,-0.04,-0.17,0.04,0.41,0.36,-0.18,-0.01,-0.08
QIAN880124,-0.31,-0.11,0.13,-0.05,-0.04,0.45,-0.06,-0.25,-0.44,-0.44,-0.28,0.06,-0.29,-0.47,-0.1,0.34,0.27,0.11,-0.08,0.06
HUTJ700103,154.33,219.79,194.91,223.16,204.74,127.9,242.54,233.21,300.46,232.3,202.65,207.9,179.93,235.51,341.01,174.06,205.8,207.6,237.01,229.15
QIAN880127,-0.05,0.3,0.15,-0.02,0.09,-0.14,-0.07,0.26,-0.42,0.04,0.25,0.0,0.31,-0.08,0.06,-0.11,-0.06,0.04,0.19,0.33
QIAN880126,-0.06,-0.19,0.24,-0.04,-0.33,0.17,0.19,-0.2,-0.43,-0.46,-0.52,0.1,0.37,-0.04,0.02,0.43,0.5,0.0,-0.32,0.35
QIAN880121,-0.26,0.47,-0.55,-0.75,0.2,-0.56,-0.04,0.94,-0.55,0.25,-0.05,-0.34,-1.28,-0.33,-0.09,-0.28,0.08,0.67,0.22,0.53
ROBB760113,-5.1,3.8,3.1,-5.2,-2.4,5.6,-0.9,-4.5,1.0,-5.4,-5.3,4.7,3.5,0.2,2.6,3.2,0.0,-6.3,2.9,3.2
QIAN880120,-0.25,0.13,-1.01,-0.62,0.48,-0.72,-0.16,1.1,-0.59,0.23,0.32,-0.77,-1.24,-0.12,-0.02,-0.31,0.17,0.69,0.45,0.77
ROBB760112,-2.5,-4.7,0.0,-4.4,-4.1,4.9,1.6,-3.3,-0.8,-2.0,-4.1,4.6,5.8,-0.5,-1.2,2.5,1.7,-3.5,1.2,-0.6
QIAN880123,-0.44,0.13,-0.2,-0.28,-0.13,0.08,0.09,-0.04,-0.33,-0.12,-0.21,0.05,-0.48,-0.58,-0.13,0.27,0.47,0.06,-0.22,-0.11
ROBB760111,-3.7,4.0,-0.6,-4.3,1.6,5.9,-0.8,-0.5,1.3,-2.8,-1.6,-0.6,-6.0,3.4,1.0,1.5,1.2,-4.6,6.5,1.3
QIAN880122,0.05,0.36,-0.11,-0.35,0.2,0.14,0.02,0.47,-0.51,0.32,-0.1,-0.4,-0.79,-0.67,-0.11,0.03,-0.15,0.58,0.09,0.34
ROBB760110,-4.7,6.2,1.9,-4.2,-3.7,5.7,-2.6,-7.0,2.8,-6.2,-4.8,3.9,3.6,-2.0,2.0,2.1,0.6,-6.2,3.3,3.8
JANJ790101,1.7,4.6,0.4,0.3,2.2,1.8,0.8,3.1,0.05,2.4,1.9,0.4,0.6,0.3,0.1,0.8,0.7,2.9,1.6,0.5
ROBB760109,-3.3,-0.3,3.9,-1.8,0.8,-1.2,3.0,-0.5,-1.2,-2.3,-4.3,5.4,6.5,-0.4,0.0,1.8,-0.7,-3.5,-0.8,3.1
AURR980119,1.09,0.26,1.17,1.31,0.84,0.97,0.88,0.97,1.13,0.87,0.96,1.03,2.01,1.08,1.29,0.76,0.79,0.77,0.91,0.64
ROBB760108,-5.0,4.4,3.1,-4.7,-1.8,5.7,-0.3,-4.6,1.0,-5.6,-4.8,4.2,2.6,0.4,2.1,2.6,0.3,-6.0,3.4,2.9
ROBB760107,0.0,5.4,-2.6,3.1,0.7,-3.4,0.8,-0.1,-3.1,-3.7,-2.1,-2.0,7.4,2.4,1.1,1.3,0.0,2.7,-3.4,4.8
ROBB760106,-2.7,3.7,-4.4,-8.1,3.0,-3.9,-3.0,7.7,-2.9,3.7,3.7,-4.2,-6.6,0.8,0.4,-2.4,1.7,7.1,0.3,3.3
AURR980116,1.19,0.44,0.72,1.27,1.2,0.74,1.55,0.61,1.45,1.36,1.35,1.33,0.1,1.43,1.45,1.02,0.82,0.46,0.58,1.06
CORJ870101,50.76,58.74,43.17,43.48,53.45,50.27,49.33,57.3,42.92,53.89,52.75,45.8,45.39,46.09,48.66,47.24,49.26,56.12,53.59,51.79
ROBB760105,-2.3,4.4,-4.4,-5.0,2.6,-4.2,-2.5,6.7,-3.3,2.3,2.3,-4.1,-1.8,1.2,0.4,-1.7,1.3,6.8,-1.0,4.0
AURR980115,1.87,0.33,0.91,1.88,0.67,0.33,0.89,0.9,1.63,1.65,1.35,0.7,0.03,1.24,1.66,0.71,0.5,0.51,1.0,0.73
ROBB760104,2.3,6.1,-4.4,2.5,1.6,-8.3,5.9,-0.5,7.3,0.1,3.5,-3.3,-24.4,2.7,1.4,-1.9,-3.7,2.3,-0.9,-0.6
AURR980118,0.93,0.67,1.15,1.07,1.05,1.08,1.4,1.14,1.27,1.16,1.11,0.82,1.01,1.02,0.96,0.71,0.84,0.74,1.06,1.15
CORJ870103,-0.96,4.54,-5.68,-3.86,5.06,-1.28,-0.62,5.54,-5.62,6.81,4.76,-1.94,-4.47,-5.3,0.75,-1.92,-3.99,5.39,0.21,3.34
ROBB760103,6.7,-4.9,-3.1,2.2,2.8,-6.8,-1.0,3.2,0.5,5.5,7.2,-6.1,-22.8,0.6,0.3,-3.0,-4.0,2.5,4.0,-4.6
AURR980117,0.77,0.44,0.79,0.92,1.04,2.74,1.65,0.64,1.19,0.66,0.74,1.39,0.66,0.95,1.11,0.64,0.82,0.53,0.58,0.93
CORJ870102,-0.414,0.162,-1.31,-1.218,1.938,-0.684,-0.63,1.237,-0.67,1.215,1.02,-0.916,-0.503,-0.905,-0.584,-0.563,-0.289,0.899,0.514,1.699
AURR980112,1.49,0.37,0.94,1.55,0.86,0.29,0.96,1.04,1.17,1.4,1.84,0.67,0.2,1.52,1.41,0.68,0.79,0.94,1.52,1.06
CORJ870105,-0.73,0.64,-6.13,-2.9,5.2,-2.67,3.03,5.04,-5.99,4.91,3.34,-5.29,-4.32,-0.96,-1.03,-3.0,-1.91,3.98,0.51,2.87
AURR980111,1.52,0.26,1.04,1.76,1.14,0.3,0.83,1.25,1.1,1.26,1.14,0.58,0.44,1.41,1.49,0.66,0.73,1.03,0.68,1.04
YANJ020101,NaN,0.83,0.66,0.73,0.92,NaN,0.92,0.88,0.77,0.89,0.77,0.76,0.94,0.59,0.62,0.58,0.73,0.88,0.86,0.93
CORJ870104,-0.26,0.83,-1.3,-0.73,1.09,-0.4,-0.18,1.1,-1.01,1.52,1.09,-0.46,-0.62,-0.83,0.08,-0.55,-0.71,1.15,-0.13,0.69
PRAM820102,0.175,0.074,0.14,0.135,0.104,0.201,0.125,0.1,0.058,0.104,0.054,0.09,0.136,0.093,0.083,0.155,0.152,0.096,0.092,0.081
AURR980114,1.33,0.44,0.6,1.43,1.22,0.2,1.02,1.58,1.71,1.63,1.76,0.64,0.07,1.37,1.39,0.42,0.57,1.08,1.0,1.02
CORJ870107,-0.56,1.78,-4.31,-2.35,3.67,-1.35,0.81,3.83,-4.08,4.09,3.11,-2.87,-3.22,-2.31,-0.26,-1.85,-1.97,3.31,-0.11,2.17
PRAM820101,0.305,0.339,0.335,0.282,0.195,0.352,0.215,0.278,0.391,0.262,0.28,0.322,0.346,0.306,0.227,0.326,0.251,0.291,0.291,0.293
AURR980113,1.73,0.63,0.68,1.16,1.35,0.32,0.76,1.15,1.22,1.8,2.21,0.7,0.07,0.88,1.24,0.65,0.46,0.94,1.57,1.1
CORJ870106,-1.35,4.37,-11.88,-4.56,11.35,-5.82,6.54,10.93,-11.92,9.88,7.47,-10.96,-10.86,-1.34,-3.89,-6.21,-4.83,8.2,1.8,7.61
PRAM820103,0.687,0.263,0.632,0.669,0.577,0.67,0.594,0.564,0.407,0.541,0.328,0.489,0.6,0.527,0.59,0.692,0.713,0.529,0.632,0.495
WOLS870103,0.09,4.13,2.36,-0.07,0.45,0.3,1.11,-1.03,-3.14,-0.98,-0.41,0.84,2.23,-1.14,-3.44,0.57,-1.4,-1.29,0.85,0.01
CORJ870108,1.37,-4.47,8.93,4.04,-7.96,3.39,-1.65,-7.92,7.7,-8.68,-7.13,6.29,6.25,3.88,1.33,4.08,4.02,-6.94,0.79,-4.73
WOLS870102,-1.73,-0.97,1.13,0.39,1.3,-5.36,1.74,-1.68,1.41,-1.03,-0.27,1.45,0.88,0.53,2.52,-1.63,-2.09,-2.53,3.65,2.32
AURR980110,1.8,0.55,0.9,1.73,0.96,0.32,0.46,1.09,1.24,1.47,1.64,0.73,0.15,0.97,1.73,0.67,0.7,0.81,0.68,0.91
WOLS870101,0.07,0.71,3.64,3.08,-4.92,2.23,2.41,-4.44,2.84,-4.19,-2.49,3.22,-1.22,2.18,2.88,1.96,0.92,-2.69,-4.75,-1.39
QIAN880139,0.08,0.37,0.04,0.36,0.34,-0.02,-0.45,0.09,-0.27,0.24,0.16,-0.06,0.16,0.48,-0.01,-0.35,-0.04,0.18,-0.06,-0.2
QIAN880136,0.01,-0.31,0.78,0.09,-0.2,0.14,-0.56,-0.09,-0.43,-0.81,-0.49,-0.11,1.14,-0.13,-0.13,0.13,-0.02,-0.11,-0.2,0.1
QIAN880135,-0.14,-0.09,0.66,0.06,-0.25,0.36,-0.31,-0.51,-0.14,-0.8,-0.56,0.35,1.59,0.11,0.21,0.32,0.21,-0.7,-0.17,-0.35
QIAN880138,-0.23,0.19,0.34,0.28,-0.02,0.14,-0.22,0.42,-0.15,-0.36,-0.19,0.06,0.78,0.47,-0.2,-0.29,-0.3,0.29,-0.18,0.07
QIAN880137,-0.3,0.03,0.44,0.18,0.11,-0.12,-0.2,-0.07,0.06,-0.18,-0.44,-0.12,0.77,0.24,-0.09,-0.09,-0.27,-0.06,-0.09,-0.25
QIAN880132,-0.27,0.0,0.54,-0.12,-0.47,1.14,0.18,-0.74,0.45,-0.54,-0.76,0.71,1.4,-0.08,-0.4,0.4,-0.1,-0.86,-0.46,-0.05
ROBB760102,2.3,0.8,7.4,10.3,-1.1,-5.2,-2.8,-4.0,-4.1,-2.1,-3.5,0.3,8.1,-0.7,-5.2,-3.5,2.3,-4.4,-0.9,-3.7
QIAN880131,-0.25,0.18,0.6,-0.12,-0.29,0.09,0.42,-0.54,0.14,-0.55,-0.47,0.61,0.89,0.09,0.12,0.24,0.16,-0.45,-0.44,-0.19
ROBB760101,6.5,-1.3,0.5,7.8,1.6,-8.6,1.2,0.6,2.3,3.2,5.3,-5.1,-7.7,1.0,-0.9,-3.9,-2.6,1.4,1.2,-4.5
QIAN880134,-0.24,-0.38,0.65,0.07,-0.61,0.85,-0.21,-0.65,0.17,-0.8,-0.71,0.45,2.27,0.01,-0.04,0.33,0.13,-0.99,-0.44,-0.49
QIAN880133,-0.42,-0.18,0.95,-0.09,-0.39,1.24,0.05,-1.17,0.09,-0.69,-0.86,0.81,1.77,-0.01,-0.23,0.63,0.29,-1.32,-0.37,-0.41
NISK800101,0.23,1.78,-1.13,-0.75,0.48,-0.07,0.11,1.19,-1.05,1.03,0.66,-0.94,-0.76,-0.57,-0.26,-0.67,-0.36,1.24,0.9,0.59
QIAN880130,-0.19,0.42,-0.27,-0.22,-0.31,0.17,0.17,-0.34,0.0,-0.22,-0.53,0.17,0.14,-0.29,-0.07,0.22,0.1,-0.33,-0.15,-0.02
AURR980109,1.55,0.59,0.61,1.34,1.39,0.37,0.89,1.47,1.27,1.36,2.13,0.6,0.03,1.43,1.39,0.44,0.65,1.18,1.1,0.93
AURR980108,1.43,0.52,0.9,1.7,1.1,0.56,0.66,1.18,0.82,1.52,1.68,0.55,0.15,1.43,1.33,0.61,0.75,1.14,1.68,0.65
AURR980105,0.67,0.37,1.58,0.94,0.96,0.98,0.83,0.78,0.84,0.79,0.98,1.28,1.12,1.05,0.76,1.25,1.41,0.67,0.94,0.82
LEWP710101,0.22,0.2,0.73,0.08,0.08,0.58,0.14,0.22,0.27,0.19,0.38,0.42,0.46,0.26,0.28,0.55,0.49,0.08,0.43,0.46
AURR980104,0.75,0.66,1.72,1.1,0.88,1.14,0.96,0.8,0.66,1.01,1.02,1.24,1.33,1.08,0.9,1.2,1.13,0.58,0.68,0.8
AURR980107,1.39,0.52,1.64,2.07,1.0,0.65,1.36,0.64,0.8,0.91,1.1,0.67,0.94,1.6,0.95,0.69,0.92,0.7,1.1,0.73
AURR980106,1.1,0.26,1.14,2.3,0.9,0.55,0.83,1.06,1.08,0.84,0.9,0.72,1.67,1.31,1.05,0.81,0.77,0.76,1.26,0.99
GRAR740101,0.0,2.75,1.38,0.92,0.0,0.74,0.58,0.0,0.33,0.0,0.0,1.33,0.39,0.89,0.65,1.42,0.71,0.0,0.13,0.2
HUTJ700101,29.22,50.7,37.09,41.84,48.52,23.71,59.64,45.0,57.1,48.03,69.32,38.3,36.13,44.02,26.37,32.4,35.2,40.35,56.92,51.73
SWER830101,-0.4,0.17,-1.31,-1.22,1.92,-0.67,-0.64,1.25,-0.67,1.22,1.02,-0.92,-0.49,-0.91,-0.59,-0.55,-0.28,0.91,0.5,1.67
AURR980101,0.94,0.6,1.19,1.41,1.06,1.18,1.15,1.07,1.03,0.95,0.88,0.79,1.18,0.94,1.15,0.69,0.87,0.9,0.91,1.04
NADH010101,58.0,116.0,-97.0,-131.0,92.0,-11.0,-73.0,107.0,-24.0,95.0,78.0,-93.0,-79.0,-139.0,-184.0,-34.0,-7.0,100.0,59.0,-11.0
HUTJ700102,30.88,53.83,40.66,44.98,51.06,24.74,65.99,49.71,63.21,50.62,55.32,41.7,39.21,46.62,68.43,35.65,36.5,42.75,60.0,51.15
ROSM880101,-0.67,-0.34,8.72,7.35,-3.24,0.0,3.82,-3.02,6.13,-3.02,-1.3,7.23,-1.75,6.39,12.1,4.35,3.86,-2.18,-2.86,0.98
NADH010102,51.0,137.0,-78.0,-115.0,108.0,-13.0,-55.0,106.0,-205.0,103.0,73.0,-84.0,-79.0,-128.0,-144.0,-26.0,-3.0,108.0,69.0,11.0
ROSM880102,-0.67,-2.0,1.57,1.78,-3.24,0.0,1.09,-3.02,2.46,-3.02,-1.67,2.27,-1.75,2.12,3.89,0.1,-0.42,-2.18,-2.86,0.98
ZIMJ680105,9.9,2.8,2.8,3.2,18.8,5.6,8.2,17.1,3.5,17.6,14.9,5.4,14.8,9.0,4.6,6.9,9.5,14.3,17.1,15.0
AURR980103,1.05,0.6,1.39,1.11,0.95,1.26,1.43,0.95,0.97,0.96,0.99,0.91,1.05,0.87,0.81,0.96,1.03,0.62,1.06,0.94
ROSM880103,0.4,0.5,0.8,1.3,0.7,0.0,1.0,0.4,0.4,0.6,0.3,0.9,0.9,0.7,0.3,0.4,0.4,0.4,0.6,1.2
AURR980102,0.98,0.41,1.05,1.04,1.12,1.25,1.01,0.88,1.06,0.8,1.12,1.05,1.31,0.9,1.14,1.02,0.8,0.87,0.9,1.12
ZIMJ680103,0.0,1.48,49.7,49.9,0.35,0.0,51.6,0.13,49.5,0.13,1.43,3.38,1.58,3.53,52.0,1.67,1.66,0.13,2.1,1.61
NADH010105,24.0,194.0,0.0,-57.0,131.0,-28.0,-31.0,102.0,-9.0,103.0,90.0,-76.0,-85.0,-87.0,-79.0,-36.0,34.0,111.0,116.0,43.0
ROSM880104,0.39,0.25,-0.71,-0.18,2.27,0.0,-0.6,1.82,0.32,1.82,0.96,-1.91,NaN,-1.3,NaN,-1.24,-1.0,1.3,2.13,1.47
ZIMJ680104,6.0,5.05,2.77,3.22,5.48,5.97,7.59,6.02,9.74,5.98,5.74,5.41,6.3,5.65,10.76,5.68,5.66,5.96,5.89,5.66
NADH010106,5.0,224.0,45.0,-8.0,117.0,-47.0,-50.0,83.0,-38.0,82.0,83.0,-77.0,-103.0,-67.0,-57.0,-41.0,79.0,117.0,130.0,27.0
ROSM880105,0.39,0.25,-3.81,-2.91,2.27,0.0,-0.64,1.82,-2.77,1.82,0.96,-1.91,NaN,-1.3,-3.95,-1.24,-1.0,1.3,2.13,1.47
GRAR740103,31.0,55.0,54.0,83.0,132.0,3.0,96.0,111.0,119.0,111.0,105.0,56.0,32.5,85.0,124.0,32.0,61.0,84.0,170.0,136.0
ZIMJ680101,0.83,1.48,0.64,0.65,2.75,0.1,1.1,3.07,1.6,2.52,1.4,0.09,2.7,0.0,0.83,0.14,0.54,1.79,0.31,2.97
NADH010103,41.0,169.0,-47.0,-90.0,128.0,-18.0,-35.0,104.0,-148.0,103.0,77.0,-74.0,-81.0,-104.0,-109.0,-31.0,10.0,116.0,102.0,36.0
GRAR740102,8.1,5.5,13.0,12.3,5.2,9.0,10.4,5.2,11.3,4.9,5.7,11.6,8.0,10.5,10.5,9.2,8.6,5.9,5.4,6.2
ZIMJ680102,11.5,13.46,11.68,13.57,19.8,3.4,13.69,21.4,15.71,21.4,16.25,12.82,17.43,14.45,14.28,9.47,15.77,21.57,21.67,18.03
NADH010104,32.0,182.0,-29.0,-74.0,132.0,-22.0,-25.0,106.0,-124.0,104.0,82.0,-73.0,-82.0,-95.0,-95.0,-34.0,20.0,113.0,118.0,44.0
DESM900101,1.56,1.8,0.23,0.19,1.42,1.03,1.0,1.27,0.15,1.38,1.93,0.51,0.27,0.39,0.59,0.96,1.11,1.58,0.91,1.1
QIAN880107,0.57,-0.15,-0.46,0.26,0.03,-0.71,-0.05,0.0,0.16,0.48,0.41,-0.36,-1.12,0.15,0.23,-0.47,-0.54,0.31,-0.1,-0.35
RACS820106,0.3,0.72,1.26,1.33,1.2,3.09,1.33,0.45,0.71,0.96,1.89,2.73,0.83,0.97,0.9,1.16,0.97,0.64,1.58,0.86
DESM900102,1.26,1.6,0.27,0.23,1.46,1.08,1.0,1.44,0.33,1.36,1.52,0.59,0.54,0.39,0.38,0.98,1.01,1.33,1.06,0.89
QIAN880106,0.34,-0.18,0.06,0.2,0.15,-0.88,-0.09,-0.03,-0.11,0.2,0.43,-0.33,-0.81,0.01,0.22,-0.35,-0.37,0.13,0.07,-0.31
RACS820107,0.4,2.98,1.59,1.26,1.27,1.89,2.71,1.31,0.87,0.57,0.0,1.24,0.38,0.5,1.2,0.92,1.38,0.95,1.53,1.79
QIAN880109,0.13,-0.09,-0.71,0.13,0.15,-0.39,0.32,0.0,0.37,0.5,0.63,-0.07,-1.4,0.12,0.08,-0.28,-0.21,0.17,0.02,-0.1
RACS820108,1.48,0.86,1.19,1.43,1.3,0.46,1.27,1.12,1.36,1.33,1.41,0.99,0.25,1.42,1.02,0.89,0.81,0.93,1.27,0.91
NADH010107,-2.0,329.0,248.0,117.0,120.0,-66.0,-70.0,28.0,115.0,36.0,62.0,-97.0,-132.0,-37.0,-41.0,-52.0,174.0,114.0,179.0,-7.0
QIAN880108,0.33,-0.03,-0.44,0.21,0.48,-0.46,0.27,-0.33,0.23,0.57,0.79,-0.19,-1.86,0.19,0.1,-0.23,-0.33,0.24,0.15,-0.19
RACS820109,0.0,0.0,2.15,0.0,2.11,6.49,0.0,0.0,0.0,0.0,0.0,4.14,1.99,0.0,0.0,0.0,1.24,0.0,0.0,1.9
QIAN880103,0.64,0.03,0.33,0.51,-0.03,-0.09,-0.23,-0.22,-0.17,0.41,0.13,0.09,-0.43,-0.23,-0.1,-0.1,-0.07,-0.01,-0.02,-0.38
QIAN880102,0.26,-0.15,0.15,0.21,0.12,-0.37,0.1,-0.03,0.12,-0.02,0.0,-0.03,-0.08,-0.13,-0.14,0.01,-0.34,0.02,-0.01,-0.29
QIAN880105,0.68,-0.15,-0.02,0.44,0.06,-0.73,-0.14,-0.08,0.03,0.61,0.39,-0.09,-0.76,-0.15,-0.22,-0.26,-0.1,0.12,0.2,-0.04
TAKK010101,9.8,3.0,4.9,4.4,23.0,0.0,11.9,17.2,10.5,17.0,11.9,3.6,15.0,2.4,7.3,2.6,6.9,15.3,24.2,17.2
QIAN880104,0.29,-0.05,0.11,0.28,0.24,-0.67,-0.26,0.0,-0.19,0.47,0.27,-0.04,-0.34,0.26,-0.03,-0.17,-0.2,-0.01,0.25,-0.3
QIAN880101,0.12,-0.25,0.01,-0.02,0.05,-0.02,-0.06,-0.07,0.26,0.05,0.0,-0.1,-0.19,-0.03,0.04,-0.19,-0.04,-0.03,-0.06,-0.14
SIMZ760101,0.73,0.7,0.54,0.55,2.65,0.0,1.1,2.97,1.5,2.49,1.3,-0.01,2.6,-0.1,0.73,0.04,0.44,1.69,3.0,2.97
RACS820110,1.02,1.05,1.76,0.83,0.41,2.39,0.4,0.83,0.94,1.06,1.33,1.31,2.73,1.05,1.0,1.18,0.77,0.88,1.22,1.09
RACS820111,0.93,1.08,0.6,0.73,1.51,0.78,1.08,1.74,1.0,1.03,1.31,0.92,1.37,0.94,1.52,0.97,1.38,1.7,1.12,1.65
GARJ730101,0.28,0.28,0.21,0.33,2.18,0.17,0.21,0.82,0.09,1.0,0.74,0.25,0.39,0.35,0.1,0.12,0.21,0.6,5.7,1.26
RACS820112,0.99,2.32,1.18,1.36,1.25,1.4,1.06,0.81,0.91,1.26,1.0,1.15,0.0,1.52,1.19,1.5,1.18,1.01,1.33,1.09
RACS820113,17.05,28.84,19.27,20.12,16.26,38.14,23.07,16.66,16.46,10.89,20.61,34.81,23.94,15.42,21.25,19.95,18.92,17.06,23.36,26.49
RACS820114,14.53,30.57,19.78,18.19,19.61,37.16,22.63,20.28,14.07,14.3,20.61,13.59,52.63,22.18,17.82,18.56,21.09,21.87,19.78,26.36
QIAN880118,-0.31,-0.06,-0.54,-0.52,0.24,0.37,-0.32,0.57,-0.29,0.09,0.29,-0.53,-0.31,0.07,0.25,0.11,0.03,0.48,0.15,0.29
QIAN880117,-0.14,-0.64,-0.1,-0.39,0.08,0.46,-0.04,0.16,0.04,-0.57,0.24,-0.27,0.02,-0.11,0.14,-0.12,0.0,0.29,-0.1,0.18
QIAN880119,-0.1,0.13,-0.89,-0.34,0.36,-0.45,-0.34,0.95,-0.46,0.32,0.43,-0.89,-0.91,-0.04,0.19,-0.12,0.49,0.76,0.34,0.42
FINA910103,1.2,1.0,0.7,0.7,1.0,0.8,1.2,0.8,1.7,1.0,1.0,1.2,1.0,1.0,1.7,1.5,1.0,0.8,1.0,1.0
QIAN880114,-0.18,-0.26,0.05,-0.06,-0.18,0.23,0.24,-0.42,0.03,-0.23,-0.42,0.28,-0.13,0.21,-0.13,0.41,0.33,-0.07,-0.1,-0.1
FINA910104,1.0,1.0,0.7,0.7,1.0,1.5,1.0,1.0,1.7,1.0,1.0,1.0,0.1,1.0,1.7,1.0,1.0,1.0,1.0,1.0
QIAN880113,-0.08,-0.25,-0.24,-0.19,0.0,-0.1,0.29,-0.01,0.45,0.28,0.11,-0.08,-0.42,-0.28,0.05,0.07,-0.33,-0.13,0.36,0.0
FINA910101,1.0,1.0,3.2,1.7,1.0,1.0,1.0,0.6,0.7,1.0,1.0,1.7,1.0,1.0,0.7,1.7,1.7,0.6,1.0,1.0
QIAN880116,-0.19,-0.29,-0.06,-0.1,-0.32,0.19,-0.16,-0.08,-0.09,-0.42,-0.38,0.02,0.05,0.02,0.03,0.25,0.22,-0.15,-0.19,0.05
FINA910102,1.0,1.0,1.7,1.7,1.0,1.3,1.0,1.0,0.7,1.0,1.0,1.0,13.0,1.0,0.7,1.0,1.0,1.0,1.0,1.0
QIAN880115,-0.01,-0.27,-0.09,0.09,-0.12,0.13,0.22,-0.27,0.08,-0.25,-0.57,0.41,0.26,0.01,0.02,0.44,0.35,-0.09,-0.15,0.15
QIAN880110,0.31,-0.26,-0.81,-0.06,0.1,-0.42,0.51,-0.15,0.47,0.56,0.58,-0.1,-1.33,0.41,0.18,-0.49,-0.44,-0.01,0.14,-0.08
QIAN880112,0.18,-0.29,-0.32,-0.25,0.05,-0.4,0.28,-0.03,0.41,0.62,0.21,-0.03,-0.84,-0.27,0.21,-0.05,-0.16,0.06,0.32,0.11
QIAN880111,0.21,-0.12,-0.58,-0.23,-0.06,-0.15,0.37,0.31,0.28,0.7,0.61,-0.04,-1.03,0.13,0.07,-0.28,-0.25,0.0,0.21,0.16
GUYH850105,-0.27,-0.23,0.5,0.33,-0.55,-0.22,0.37,-0.8,1.17,-0.44,-0.31,0.61,0.36,1.0,2.0,0.17,0.18,-0.65,0.05,0.48
RACS820101,0.85,0.9,1.5,1.79,0.85,1.54,1.59,0.67,0.88,1.03,1.17,0.88,1.47,1.71,2.02,1.5,1.96,0.89,0.83,1.34
RACS820102,1.58,1.04,0.98,1.49,1.0,0.66,0.99,1.09,1.27,1.21,1.41,0.77,1.46,1.24,1.14,1.05,0.87,0.88,1.23,0.68
RACS820103,0.82,0.0,2.64,2.62,0.0,1.63,0.0,2.32,2.86,0.0,0.0,2.07,0.0,0.0,2.6,1.23,2.48,1.62,0.0,1.9
RACS820104,0.78,3.14,1.25,0.94,1.07,1.13,1.03,1.26,0.85,0.91,0.41,1.32,1.73,0.93,1.75,1.31,1.57,1.11,0.98,1.31
RACS820105,0.88,1.14,1.16,1.01,1.52,0.7,1.87,1.61,0.83,1.09,1.71,1.02,0.87,0.93,0.99,1.14,0.96,1.56,1.96,1.68
PRAM900104,0.78,0.8,1.41,1.0,0.58,1.64,0.69,0.51,0.96,0.59,0.39,1.28,1.91,0.97,0.88,1.33,1.03,0.47,0.75,1.05
PRAM900102,1.29,1.11,1.04,1.44,1.07,0.56,1.22,0.97,1.23,1.3,1.47,0.9,0.52,1.27,0.96,0.82,0.82,0.91,0.99,0.72
PRAM900103,0.9,0.74,0.72,0.75,1.32,0.92,1.08,1.45,0.77,1.02,0.97,0.76,0.64,0.8,0.99,0.95,1.21,1.49,1.14,1.25
LAWE840101,-0.48,-0.32,-0.75,-0.71,1.03,0.0,-0.51,0.81,-0.09,1.02,0.81,-0.87,2.03,-0.32,-0.06,0.05,-0.35,0.56,0.66,1.24
PRAM900101,-6.7,-8.4,38.5,34.3,-15.5,-4.2,12.6,-13.0,36.8,-11.7,-14.2,20.1,0.8,17.2,51.5,-2.5,-5.0,-10.9,-7.9,2.9
KARP850101,1.041,0.96,1.033,1.094,0.93,1.142,0.982,1.002,1.093,0.967,0.947,1.117,1.055,1.165,1.038,1.169,1.073,0.982,0.925,0.961
KARP850102,0.946,0.878,1.089,1.036,0.912,1.042,0.952,0.892,1.082,0.961,0.862,1.006,1.085,1.025,1.028,1.048,1.051,0.927,0.917,0.93
KARP850103,0.892,0.925,0.932,0.933,0.914,0.923,0.894,0.872,1.057,0.921,0.804,0.93,0.932,0.885,0.901,0.923,0.934,0.913,0.803,0.837
EISD860103,0.0,0.76,-0.98,-0.89,0.92,0.0,-0.75,0.99,-0.99,0.89,0.94,-0.86,0.22,-1.0,-0.96,-0.67,0.09,0.84,0.67,-0.93
EISD860102,0.0,0.17,1.9,3.0,1.1,0.0,0.99,1.2,5.7,1.0,1.9,1.3,0.18,1.9,10.0,0.73,1.5,0.48,1.6,1.8
EISD860101,0.67,0.38,-1.2,-0.76,2.3,0.0,0.64,1.9,-0.57,1.9,2.4,-0.6,1.2,-0.22,-2.1,0.01,0.52,1.5,2.6,1.6
BAEK050101,0.0166,0.5724,-0.1278,-0.1794,0.3561,-0.0442,0.1643,0.2758,-0.2134,0.2523,0.0197,-0.0786,-0.4188,-0.1051,-0.0762,-0.1629,-0.0701,0.1782,0.3836,0.25
MANP780101,12.97,14.63,10.85,11.89,14.0,12.43,12.16,15.67,11.36,14.9,14.39,11.42,11.37,11.76,11.72,11.23,11.69,15.71,13.93,13.42
MEIH800101,0.93,0.88,1.01,1.02,0.78,1.01,0.89,0.79,1.05,0.85,0.84,0.98,1.0,1.02,0.98,1.02,0.99,0.81,0.83,0.93
ONEK900102,-0.77,-0.23,-0.15,-0.27,-0.41,0.0,-0.06,-0.23,-0.65,-0.62,-0.5,-0.07,3.0,-0.33,-0.68,-0.35,-0.11,-0.14,-0.45,-0.17
ONEK900101,13.4,11.6,11.7,12.2,12.1,11.3,11.6,12.0,13.0,13.0,12.8,12.0,6.5,12.8,13.3,12.2,11.7,11.9,12.4,12.1
MEIH800103,87.0,104.0,71.0,72.0,108.0,90.0,90.0,105.0,65.0,104.0,100.0,70.0,78.0,66.0,81.0,83.0,83.0,94.0,94.0,83.0
MEIH800102,0.94,0.84,1.08,1.12,0.73,1.01,0.92,0.76,1.23,0.82,0.83,1.04,1.04,1.11,1.09,1.04,1.02,0.81,0.87,1.03
RICJ880112,0.7,0.2,0.6,1.6,1.8,0.1,1.1,1.4,2.2,1.9,1.0,0.8,0.0,1.3,0.8,0.6,0.7,1.3,0.4,1.1
WEBA780101,0.89,0.85,0.87,0.84,0.52,0.92,0.83,0.76,0.97,0.73,0.74,0.89,0.82,0.82,0.88,0.96,0.92,0.85,0.2,0.49
RICJ880113,1.4,1.2,0.7,1.7,0.3,0.2,1.8,0.4,1.9,0.8,1.3,0.9,0.2,1.6,2.1,1.6,0.9,0.7,0.4,0.3
RICJ880114,1.1,1.6,0.4,0.8,0.7,0.2,3.4,0.7,2.0,0.7,1.0,1.2,0.0,2.1,1.0,1.7,1.0,0.7,0.0,1.2
RICJ880115,0.8,0.4,0.7,0.3,0.5,3.9,1.3,0.7,1.3,0.7,0.8,1.6,0.7,0.9,0.9,0.8,0.3,0.2,0.0,0.8
RICJ880116,1.0,0.8,1.4,0.8,0.1,1.2,1.2,1.1,1.2,0.9,0.8,0.9,1.9,1.4,1.4,0.7,0.8,0.6,0.4,0.9
DAYM780201,100.0,20.0,106.0,102.0,41.0,49.0,66.0,96.0,56.0,40.0,94.0,134.0,56.0,93.0,65.0,120.0,97.0,74.0,18.0,41.0
RICJ880117,0.7,0.4,1.4,0.7,1.2,0.6,1.0,0.7,1.3,0.5,0.0,1.5,1.5,1.1,1.1,0.9,2.1,1.0,2.7,0.5
GEOR030104,1.042,0.5,0.97,0.992,0.981,0.743,1.034,0.852,0.979,1.193,0.998,0.828,1.332,1.111,1.069,0.984,0.992,1.001,0.96,1.12
PONP800101,12.28,14.93,10.97,11.19,13.43,12.01,12.84,14.77,10.8,14.1,14.33,11.0,11.19,11.28,11.49,11.26,11.65,15.07,12.95,13.29
GEOR030103,0.938,0.6856,0.857,1.139,1.11,0.892,1.109,0.986,0.952,1.0,1.077,0.902,1.266,0.916,1.137,0.956,1.018,0.959,0.971,1.157
GEOR030106,0.99,0.644,0.915,1.053,1.121,0.785,1.054,0.95,1.003,1.106,1.093,0.873,1.314,0.999,1.132,0.911,0.988,0.957,0.939,1.09
GEOR030105,1.065,1.015,0.836,0.736,1.368,1.022,0.973,1.189,0.478,1.192,1.369,0.762,1.241,0.861,1.131,1.097,0.822,1.14,1.017,0.836
PONP800104,13.65,14.49,10.98,12.55,14.08,15.36,11.59,14.63,11.96,14.01,13.4,12.24,11.51,11.3,11.28,11.26,13.0,12.88,12.06,12.64
GEOR030108,1.092,0.662,0.919,1.199,1.09,0.698,1.012,0.912,1.008,1.276,1.171,0.927,0.8,1.124,1.239,0.886,0.832,0.908,0.981,1.075
PONP800105,14.6,15.9,13.78,13.59,14.18,14.18,15.35,14.1,13.28,16.49,16.23,11.79,14.1,12.02,13.24,13.36,14.5,16.3,13.9,14.76
GEOR030107,0.892,1.035,0.925,1.115,1.058,0.917,0.992,0.817,0.944,0.994,0.782,1.144,1.309,1.2,1.154,0.986,1.11,0.9,0.841,0.866
PONP800102,7.62,10.93,6.18,6.38,8.99,7.31,7.85,9.99,5.72,9.37,9.83,6.17,6.64,6.67,6.81,6.93,7.08,10.38,8.41,8.53
PONP800103,2.63,3.36,2.29,2.31,3.02,2.55,2.57,3.08,2.12,2.98,3.18,2.27,2.46,2.45,2.45,2.6,2.55,3.21,2.85,2.79
GEOR030109,0.843,0.896,0.906,0.9,1.151,0.978,1.05,0.946,0.893,0.885,0.878,0.956,1.816,0.968,1.038,1.003,1.189,0.999,0.852,0.945
LEVM760106,5.2,6.1,5.0,6.0,7.1,4.2,6.0,7.0,6.0,7.0,6.8,5.0,6.2,6.0,6.0,4.9,5.0,6.4,7.6,7.1
LEVM760107,0.025,0.1,0.1,0.1,0.39,0.025,0.1,0.19,0.2,0.19,0.19,0.1,0.17,0.1,0.2,0.025,0.1,0.15,0.56,0.39
LEVM760104,243.2,209.4,215.0,213.6,203.7,300.0,219.9,217.9,210.9,205.6,204.0,207.1,237.4,205.4,206.6,232.0,226.7,220.3,203.7,195.6
LEVM760105,0.77,1.22,1.43,1.77,1.9,0.58,1.78,1.56,2.08,1.54,1.8,1.45,1.25,1.75,2.38,1.08,1.24,1.29,2.21,2.13
LEVM760102,0.77,1.38,1.99,2.63,2.97,0.0,2.76,1.83,2.94,2.08,2.34,1.98,1.42,2.58,3.72,1.28,1.43,1.49,3.58,3.36
LEVM760103,121.9,113.7,121.2,118.2,118.2,0.0,118.2,118.9,122.0,118.1,113.1,117.5,81.9,118.0,121.4,117.9,117.1,121.7,118.4,110.0
BROC820102,3.9,-14.3,-2.8,-7.5,14.7,-2.3,2.0,11.0,-2.5,15.0,4.1,-2.8,5.6,1.8,3.2,-3.5,1.1,2.1,17.8,3.8
GEOR030102,0.974,0.972,0.892,1.054,1.122,0.845,0.949,0.928,0.946,1.11,0.923,0.988,1.362,1.092,1.129,0.932,1.023,0.923,0.879,0.902
BROC820101,7.3,-9.2,-2.9,-7.1,19.2,-1.2,-2.1,6.6,-3.7,20.0,5.6,-5.7,5.1,-0.3,-3.6,-4.1,0.8,3.5,16.3,5.9
LEVM760101,-0.5,-1.0,2.5,2.5,-2.5,0.0,-0.5,-1.8,3.0,-1.8,-1.3,0.2,-1.4,0.2,3.0,0.3,-0.4,-1.5,-3.4,-2.3
GEOR030101,0.964,0.778,0.916,1.051,1.119,0.835,1.014,0.922,0.944,1.085,1.032,0.944,1.299,1.047,1.143,0.947,1.017,0.955,0.895,1.0
CIDH920104,0.17,1.24,-1.05,-1.19,1.29,-0.57,-0.25,2.06,-0.62,0.96,0.6,-0.9,-0.21,-1.2,-0.7,-0.83,-0.62,1.21,1.51,0.66
CIDH920105,0.02,0.77,-1.04,-1.14,1.35,-0.8,0.26,1.81,-0.41,1.14,1.0,-0.77,-0.09,-1.1,-0.42,-0.97,-0.77,1.13,1.71,1.11
ZHOH040102,1.79,2.22,2.33,2.52,4.84,0.7,3.06,4.59,2.5,4.72,3.91,2.83,2.45,2.37,3.2,1.82,2.45,3.67,5.64,4.46
ZHOH040103,13.4,22.6,8.2,7.3,23.9,7.0,11.3,20.3,6.1,20.8,15.7,7.6,9.9,8.5,8.5,8.2,10.3,19.5,24.5,19.5
ZHOH040101,2.18,3.89,1.75,1.89,5.88,1.17,2.51,4.5,2.12,4.71,3.63,1.85,2.09,2.16,2.71,1.66,2.18,3.77,6.46,5.01
CIDH920101,-0.45,0.79,-1.52,-0.8,1.48,-1.0,1.07,0.76,-0.36,1.29,1.37,-0.2,-0.12,-0.99,-0.24,-0.98,-0.7,1.26,1.38,1.49
CIDH920102,-0.08,0.76,-0.71,-1.31,1.53,-0.84,0.43,1.39,-0.09,1.24,1.27,-0.7,-0.01,-0.4,-0.09,-0.93,-0.59,1.09,2.25,1.53
CIDH920103,0.36,0.7,-1.09,-0.83,1.01,-0.82,0.16,2.17,-0.56,1.18,1.21,-0.9,-0.06,-1.05,-0.52,-0.6,-1.2,1.21,1.31,1.05
HOPT810101,-0.5,-1.0,3.0,3.0,-2.5,0.0,-0.5,-1.8,3.0,-1.8,-1.3,0.2,0.0,0.2,3.0,0.3,-0.4,-1.5,-3.4,-2.3
ARGP820103,1.56,1.23,0.14,0.23,2.03,0.62,0.29,1.67,0.15,2.93,2.96,0.27,0.76,0.51,0.45,0.81,0.91,1.14,1.08,0.68
RADA880101,1.81,1.28,-8.72,-6.81,2.98,0.94,-4.66,4.92,-5.55,4.92,2.35,-6.64,0.0,-5.54,-14.92,-3.4,-2.57,4.04,2.33,-0.14
FASG890101,-0.21,-6.04,1.36,2.3,-4.65,0.0,-1.23,-4.81,3.88,-4.68,-3.66,0.96,0.75,1.52,2.11,1.74,0.78,-3.5,-3.32,-1.01
RADA880102,0.52,0.0,0.0,-0.79,2.09,0.0,0.95,2.04,0.08,1.76,1.32,-0.01,0.0,-0.07,-1.32,0.04,0.27,1.18,2.51,1.63
ARGP820102,1.18,1.89,0.05,0.11,1.96,0.49,0.31,1.45,0.06,3.23,2.67,0.23,0.76,0.72,0.2,0.97,0.84,1.08,0.77,0.39
ARGP820101,0.61,1.07,0.46,0.47,2.02,0.07,0.61,2.22,1.15,1.53,1.18,0.06,1.95,0.0,0.6,0.05,0.05,1.32,2.65,1.88
GUYH850102,0.05,-0.84,0.41,0.38,-0.45,0.31,-0.41,-0.69,0.57,-0.62,-0.38,0.29,0.46,0.46,0.12,0.12,0.38,-0.46,-0.98,-0.25
GUYH850101,0.1,-1.42,0.78,0.83,-2.12,0.33,-0.5,-1.13,1.4,-1.18,-1.59,0.48,0.73,0.95,1.91,0.52,0.07,-1.27,-0.51,-0.21
GUYH850104,-0.31,-0.87,0.58,0.68,-0.45,-0.33,0.13,-0.66,1.79,-0.53,-0.38,0.49,0.34,0.7,1.3,0.1,0.21,-0.62,-0.27,0.4
GUYH850103,0.54,-1.13,0.65,0.38,-1.51,NaN,-0.59,-2.15,0.48,-1.08,-0.97,0.38,-0.22,0.05,-0.16,0.65,0.27,-0.75,-1.61,-1.13
RADA880107,-0.29,0.0,-1.02,-0.9,0.0,-0.34,-0.94,0.24,-2.05,-0.12,-0.24,-1.18,0.0,-1.53,-2.71,-0.75,-0.71,0.09,-0.59,-1.02
RADA880108,-0.06,1.36,-0.8,-0.77,1.27,-0.41,0.49,1.31,-1.18,1.21,1.27,-0.48,0.0,-0.73,-0.84,-0.5,-0.27,1.09,0.88,0.33
RADA880105,1.42,0.0,0.0,-9.45,-2.85,2.39,-11.22,0.11,-9.6,0.52,-2.8,-9.67,0.0,-9.31,-18.6,-5.1,-5.15,0.81,-8.39,-7.74
FODM020101,0.7,1.17,0.87,0.96,1.34,0.64,1.39,1.29,0.91,1.44,0.91,1.47,0.12,0.73,0.95,0.84,0.74,1.2,1.8,1.68
RADA880106,93.7,135.2,142.6,182.9,228.6,52.6,188.1,182.2,215.2,173.7,197.6,146.3,0.0,177.7,250.4,109.5,142.1,157.2,271.6,239.9
OLSK800101,1.38,1.43,0.52,0.71,1.72,1.34,0.66,2.32,0.15,1.47,1.78,0.37,0.85,0.22,0.0,0.86,0.89,1.99,0.82,0.47
RADA880103,0.13,-2.52,-2.23,-3.43,-3.74,1.45,-5.61,-2.77,-3.97,-2.64,-3.83,-3.04,0.0,-3.84,-5.0,-1.66,-2.31,-2.05,-8.21,-5.97
RADA880104,1.29,0.0,0.0,-6.02,0.89,0.94,-5.61,2.88,-5.63,3.16,1.03,-6.63,0.0,-5.47,-13.6,-3.44,-2.84,2.86,-0.18,-1.77
ENGD860101,-1.6,-2.0,9.2,8.2,-3.7,-1.0,3.0,-3.1,8.8,-2.8,-3.4,4.8,0.2,4.1,12.3,-0.6,-1.2,-2.6,-1.9,0.7
RICJ880101,0.7,0.6,1.4,1.0,1.2,1.6,1.2,0.9,1.0,0.9,0.3,1.2,0.7,1.0,0.4,1.6,0.3,0.7,1.1,1.9
RICJ880102,0.7,0.6,1.4,1.0,1.2,1.6,1.2,0.9,1.0,0.9,0.3,1.2,0.7,1.0,0.4,1.6,0.3,0.7,1.1,1.9
RICJ880103,0.5,0.6,2.1,0.4,0.2,1.8,1.1,0.2,0.7,0.2,0.8,3.5,0.8,0.4,0.4,2.3,1.6,0.1,0.3,0.8
RICJ880104,1.2,0.8,0.8,2.2,0.5,0.3,0.7,0.9,0.6,0.9,0.3,0.7,2.6,0.7,0.7,0.7,0.8,1.1,2.1,1.8
RICJ880105,1.6,1.2,2.6,2.0,0.9,0.9,0.7,0.7,1.0,0.3,1.0,0.7,0.5,0.8,0.9,0.8,0.7,0.6,1.7,0.4
RICJ880106,1.0,0.6,2.2,3.3,0.6,0.6,0.7,0.4,0.8,0.6,1.0,0.7,0.4,1.5,0.4,0.4,1.0,1.1,1.4,1.2
SUYM030101,-0.058,0.447,0.016,-0.128,0.24,0.331,0.195,0.06,-0.112,0.138,0.275,0.027,-0.478,-0.073,0.0,-0.177,-0.163,-0.052,0.564,0.322
RICJ880107,1.1,1.1,0.3,0.5,1.9,0.4,1.5,1.1,0.8,2.6,1.7,0.0,0.1,1.3,1.5,0.4,0.5,1.5,3.1,0.6
RICJ880108,1.4,1.6,0.6,0.9,1.0,0.6,0.9,0.9,1.9,1.1,1.7,1.2,0.3,1.4,1.2,1.1,0.6,0.8,1.4,0.2
RICJ880109,1.8,0.7,1.0,0.8,1.3,0.5,1.0,1.2,1.1,1.2,1.5,0.9,0.3,1.3,1.3,0.6,1.0,1.2,1.5,0.8
MIYS850101,2.36,3.36,1.67,1.74,4.37,2.06,2.41,4.17,1.23,3.93,4.22,1.7,1.89,1.75,1.92,1.81,2.04,3.49,3.82,2.91
RICJ880110,1.8,0.0,0.7,1.1,1.9,0.5,2.4,1.3,1.4,1.2,2.7,0.6,0.3,1.0,1.0,0.5,0.5,0.4,1.1,1.3
RICJ880111,1.3,0.7,0.5,0.7,2.9,0.5,1.9,1.6,1.0,1.4,2.8,0.6,0.0,0.2,0.8,0.5,0.6,1.4,2.1,0.8
TANS770110,0.842,1.032,1.366,0.758,0.881,1.349,1.079,0.459,1.045,0.665,0.668,1.352,1.385,0.998,0.936,1.257,1.055,0.643,0.881,1.101
KANM800101,1.36,0.82,1.04,1.48,1.05,0.63,1.11,1.08,1.22,1.21,1.45,0.89,0.52,1.14,1.0,0.74,0.81,0.94,0.97,0.79
CHAM830103,0.0,1.0,1.0,1.0,1.0,0.0,1.0,2.0,1.0,1.0,1.0,1.0,0.0,1.0,1.0,1.0,2.0,2.0,1.0,1.0
OOBM850105,4.55,-0.78,2.85,5.16,4.37,9.14,4.48,2.1,10.68,3.24,2.18,5.56,5.14,4.15,5.97,6.78,8.6,3.81,1.97,2.4
PARS000101,0.343,0.319,0.429,0.405,0.292,0.389,0.307,0.296,0.429,0.287,0.293,0.409,0.432,0.395,0.353,0.416,0.362,0.307,0.268,0.22
CHAM830104,0.0,0.0,1.0,1.0,1.0,0.0,1.0,1.0,1.0,2.0,1.0,1.0,0.0,1.0,1.0,0.0,0.0,0.0,1.0,1.0
PARS000102,0.32,0.198,0.424,0.514,0.314,0.374,0.299,0.306,0.446,0.34,0.313,0.384,0.354,0.436,0.327,0.376,0.339,0.294,0.291,0.287
CHAM830105,0.0,0.0,0.0,1.0,1.0,0.0,1.0,0.0,1.0,0.0,1.0,0.0,0.0,1.0,1.0,0.0,0.0,0.0,1.5,1.0
OOBM850103,0.46,0.2,-0.33,0.48,0.52,0.64,-1.31,3.28,-1.71,0.43,0.15,1.31,-0.58,-1.12,-1.54,-0.83,-1.52,0.54,1.25,-2.21
CHAM830106,0.0,1.0,2.0,3.0,4.0,0.0,3.0,2.0,4.0,2.0,3.0,2.0,0.0,3.0,5.0,1.0,1.0,1.0,5.0,5.0
OOBM850104,-2.49,-3.13,8.86,4.04,-6.64,-0.56,4.22,-10.87,-9.97,-7.16,-4.96,2.27,5.19,1.79,2.55,-1.6,-4.75,-3.97,-17.84,9.25
CHAM830107,0.0,0.0,1.0,1.0,0.0,1.0,0.0,0.0,0.0,0.0,0.0,1.0,0.0,0.0,0.0,0.0,0.0,0.0,0.0,0.0
OOBM850101,2.01,1.98,-2.05,0.93,2.68,0.12,-0.14,3.7,2.55,2.73,1.75,0.03,0.41,1.02,0.84,1.47,2.39,3.5,2.49,2.23
CHAM830108,0.0,1.0,0.0,0.0,1.0,0.0,1.0,0.0,1.0,0.0,1.0,1.0,0.0,1.0,1.0,0.0,0.0,0.0,1.0,1.0
OOBM850102,1.34,1.07,3.32,2.2,0.8,2.07,1.27,0.66,0.61,0.54,0.7,2.49,2.12,1.49,0.95,0.94,1.09,1.32,-4.65,-0.17
PLIV810101,-2.89,-2.49,-3.38,-2.94,-1.63,-3.25,-2.84,-1.72,-3.31,-1.61,-1.84,-3.41,-2.5,-3.15,-3.3,-3.3,-2.91,-2.08,-1.75,-2.42
MAXF760106,1.0,1.09,1.39,1.04,0.65,0.46,0.71,0.68,1.05,1.01,0.36,0.87,1.95,1.13,1.18,1.56,1.23,0.58,1.1,0.87
PONJ960101,91.5,114.4,135.2,154.6,198.8,67.5,163.2,162.6,162.5,163.4,165.9,138.3,123.4,156.4,196.1,102.0,126.0,138.4,209.8,237.2
CHAM830101,0.71,1.19,1.21,0.84,0.71,1.52,1.07,0.66,0.99,0.69,0.59,1.37,1.61,0.87,1.06,1.34,1.08,0.63,0.76,1.07
CHAM830102,-0.118,0.083,0.048,-0.245,0.015,0.104,0.138,0.23,0.032,-0.052,-0.258,0.289,0.0,-0.105,0.124,0.225,0.166,0.513,0.158,0.094
KANM800104,0.75,1.46,0.31,0.46,1.37,0.83,0.83,1.87,0.66,1.56,0.86,0.33,0.52,0.75,0.79,0.82,1.36,2.0,0.79,1.08
MAXF760102,0.86,1.17,0.72,0.62,1.16,0.97,1.06,1.24,0.79,0.98,1.08,0.74,1.22,0.89,0.94,1.04,1.18,1.33,1.07,1.25
MAXF760103,0.64,0.32,1.92,1.01,0.86,0.63,2.05,0.92,0.89,0.37,1.07,3.14,0.5,0.8,0.62,1.01,0.92,0.87,1.0,1.31
GUOD860101,25.0,32.0,2.0,14.0,100.0,-2.0,-26.0,91.0,-26.0,100.0,68.0,-7.0,25.0,0.0,-7.0,-2.0,7.0,62.0,109.0,56.0
KANM800102,0.81,1.17,0.71,0.53,1.2,0.88,0.92,1.48,0.77,1.24,1.05,0.62,0.61,0.98,0.85,0.92,1.18,1.66,1.18,1.23
MAXF760104,0.17,0.95,1.08,0.28,0.28,5.02,0.57,0.26,1.17,0.21,0.0,2.62,0.12,0.91,0.76,0.57,0.23,0.24,0.0,0.97
KANM800103,1.45,0.7,0.91,1.29,1.2,0.53,1.13,1.23,1.27,1.56,1.83,0.64,0.21,1.14,1.15,0.48,0.77,1.1,1.17,0.74
MAXF760105,1.13,0.38,1.18,1.02,0.45,3.84,0.3,0.4,1.13,0.65,0.0,1.11,0.0,0.41,0.48,0.81,0.71,0.48,0.93,0.38
MAXF760101,1.43,0.94,0.92,1.67,1.19,0.46,0.98,1.04,1.27,1.36,1.53,0.64,0.49,1.22,1.18,0.7,0.78,0.98,1.01,0.69
BUNA790103,6.5,7.7,7.0,7.0,9.4,5.6,8.0,7.0,6.5,6.5,0.0,7.5,0.0,6.0,6.9,6.5,6.9,7.0,0.0,6.8
TANS770103,0.79,1.268,0.53,0.643,1.052,0.725,0.864,1.361,0.735,1.111,1.092,0.832,1.249,1.038,1.087,1.093,1.214,1.428,1.114,1.34
TANS770104,1.194,0.678,1.056,0.928,0.377,1.015,0.611,0.603,1.06,0.595,0.831,0.659,3.159,1.29,0.795,1.444,1.172,0.64,0.452,0.816
BUNA790102,4.349,4.686,4.765,4.295,4.663,3.972,4.63,4.224,4.358,4.385,4.513,4.755,4.471,4.373,4.396,4.498,4.346,4.184,4.702,4.604
MEEJ810102,1.0,4.6,-0.5,1.1,12.6,0.2,-2.2,7.0,-3.0,9.6,4.0,-3.0,3.1,-2.0,-2.0,-2.9,-0.6,4.6,15.1,6.7
TANS770101,1.42,0.73,1.01,1.63,1.16,0.5,1.2,1.12,1.24,1.29,1.21,0.71,0.65,1.02,1.06,0.71,0.78,0.99,1.05,0.67
BUNA790101,8.249,8.312,8.41,8.368,8.228,8.391,8.415,8.195,8.408,8.423,8.418,8.747,0.0,8.411,8.274,8.38,8.236,8.436,8.094,8.183
MEEJ810101,1.1,7.1,-1.6,0.7,13.4,-0.2,-0.7,8.5,-1.9,11.0,5.4,-4.2,4.4,-2.9,-0.4,-3.2,-1.7,5.9,17.1,7.4
TANS770102,0.946,0.481,1.311,0.698,0.963,0.36,2.168,1.283,1.203,1.192,0.0,0.432,2.093,1.615,1.128,0.523,1.961,0.409,1.925,0.802
TANS770107,0.289,1.767,0.917,0.285,0.393,4.259,1.061,0.262,1.288,0.0,0.0,3.169,0.0,2.372,1.38,0.16,0.218,0.167,0.0,0.654
KHAG800101,49.1,0.0,0.0,0.0,54.7,64.6,75.7,18.9,0.0,15.6,6.8,-3.6,43.8,20.0,133.0,44.4,31.0,29.5,70.5,0.0
TANS770108,0.328,0.0,3.379,0.0,1.336,0.5,1.204,2.078,0.835,0.414,0.982,1.498,0.415,0.0,2.088,1.089,1.732,0.946,1.781,0.0
TANS770105,0.497,1.348,1.498,0.651,1.348,1.848,1.474,0.471,0.932,0.656,0.425,2.072,0.179,0.711,0.677,1.151,0.749,0.654,1.283,1.283
TANS770106,0.937,1.004,1.64,0.679,0.803,0.901,1.085,0.178,1.254,0.808,0.886,1.08,0.748,1.078,1.725,1.145,1.487,0.625,0.803,1.227
LIFS790103,0.9,1.24,0.47,0.62,1.23,0.56,1.12,1.54,0.74,1.26,1.09,0.62,0.42,1.18,1.02,0.87,1.3,1.53,1.75,1.68
TANS770109,0.945,0.932,1.315,1.014,0.622,2.355,0.525,0.673,0.947,0.758,1.028,1.202,0.579,0.704,0.364,1.14,0.863,0.561,0.777,0.907
BIOV880101,16.0,168.0,-78.0,-106.0,189.0,-13.0,50.0,151.0,-141.0,145.0,124.0,-74.0,-20.0,-73.0,-70.0,-70.0,-38.0,123.0,145.0,53.0
LIFS790102,1.0,0.91,0.5,0.59,1.3,0.79,0.38,2.6,0.59,1.42,1.49,0.54,0.35,0.28,0.68,0.7,0.59,2.63,0.89,1.08
BIOV880102,44.0,90.0,-91.0,-139.0,148.0,-8.0,47.0,100.0,-188.0,108.0,121.0,-72.0,-36.0,-117.0,-68.0,-60.0,-54.0,117.0,163.0,22.0
LIFS790101,0.92,1.16,0.48,0.61,1.25,0.61,0.93,1.81,0.7,1.3,1.19,0.6,0.4,0.95,0.93,0.82,1.12,1.81,1.54,1.53
ROSG850102,0.74,0.91,0.62,0.62,0.88,0.72,0.78,0.88,0.52,0.85,0.85,0.63,0.64,0.62,0.64,0.66,0.7,0.86,0.85,0.76
ROSG850101,86.6,132.3,97.8,113.9,194.1,62.9,155.8,158.0,115.5,164.1,172.9,103.3,92.9,119.2,162.2,85.6,106.5,141.0,224.6,177.7
DAYM780101,8.6,2.9,5.5,6.0,3.6,8.4,2.0,4.5,6.6,7.4,1.7,4.3,5.2,3.9,4.9,7.0,6.1,6.6,1.3,3.4
SNEP660103,-0.11,-0.184,-0.285,-0.246,0.438,-0.073,0.32,0.001,0.049,-0.008,-0.041,-0.136,-0.016,-0.067,0.079,-0.153,-0.208,-0.155,0.493,0.381
SNEP660104,-0.062,0.38,-0.079,-0.184,0.074,-0.017,0.056,-0.309,-0.371,-0.264,0.077,0.166,-0.036,-0.025,-0.167,0.47,0.348,-0.212,0.05,0.22
BLAS910101,0.616,0.68,0.028,0.043,1.0,0.501,0.165,0.943,0.283,0.943,0.738,0.236,0.711,0.251,0.0,0.359,0.45,0.825,0.878,0.88
SNEP660101,0.239,0.22,0.171,0.187,0.234,0.16,0.205,0.273,0.228,0.281,0.253,0.249,0.165,0.26,0.211,0.236,0.213,0.255,0.183,0.193
SNEP660102,0.33,0.074,-0.371,-0.409,-0.011,0.37,-0.078,0.149,-0.075,0.129,-0.092,-0.233,0.37,-0.254,-0.176,0.022,0.136,0.245,-0.011,-0.138
JANJ780103,15.0,5.0,50.0,55.0,10.0,10.0,34.0,13.0,85.0,16.0,20.0,49.0,45.0,56.0,67.0,32.0,32.0,14.0,17.0,41.0
JANJ780102,51.0,74.0,19.0,16.0,58.0,52.0,34.0,66.0,3.0,60.0,52.0,22.0,25.0,16.0,5.0,35.0,30.0,64.0,49.0,24.0
JANJ780101,27.8,15.5,60.6,68.2,25.5,24.5,50.7,22.8,103.0,27.6,33.5,60.1,51.5,68.7,94.7,42.0,45.0,23.7,34.7,55.2
JOND920102,100.0,44.0,86.0,77.0,51.0,50.0,91.0,103.0,72.0,54.0,93.0,104.0,58.0,84.0,83.0,117.0,107.0,98.0,25.0,50.0
JOND920101,0.077,0.02,0.052,0.062,0.04,0.074,0.023,0.053,0.059,0.091,0.024,0.043,0.051,0.041,0.051,0.069,0.059,0.066,0.014,0.032
DAWD720101,2.5,3.0,2.5,5.0,6.5,0.5,6.0,5.5,7.0,5.5,6.0,5.0,5.5,6.0,7.5,3.0,5.0,5.0,7.0,7.0
VHEG790101,-12.04,3.95,23.22,16.81,-21.98,-7.85,6.28,-18.32,9.71,-17.79,-8.86,4.25,5.82,2.16,39.23,-1.54,-4.15,-16.22,-16.19,-1.51
JURD980101,1.1,2.5,-3.6,-3.2,2.8,-0.64,-3.2,4.5,-4.11,3.8,1.9,-3.5,-1.9,-3.68,-5.1,-0.5,-0.7,4.2,-0.46,-1.3
PTIO830102,1.0,1.9,0.5,0.7,3.1,0.3,0.8,4.0,0.7,2.0,1.9,0.6,0.2,1.0,0.7,0.9,1.7,4.0,2.2,2.8
FAUJ830101,0.31,1.54,-0.77,-0.64,1.79,0.0,0.13,1.8,-0.99,1.7,1.23,-0.6,0.72,-0.22,-1.01,-0.04,0.26,1.22,2.25,0.96
PTIO830101,1.1,0.95,0.65,1.0,1.1,0.6,0.85,1.1,1.0,1.25,1.15,0.8,0.1,1.0,0.95,0.75,0.75,0.95,1.1,1.1
COWR900101,0.42,0.84,-0.51,-0.37,1.74,0.0,-2.28,1.81,-2.03,1.8,1.18,-1.03,0.86,-0.96,-1.56,-0.64,-0.26,1.34,1.46,0.51
ROBB790101,-1.0,2.1,-1.2,-0.7,2.8,0.3,1.1,4.0,-0.9,2.0,1.8,-0.7,0.4,-0.1,0.3,-1.2,-0.5,1.4,3.0,2.1
CHAM820102,-0.368,4.53,2.06,1.77,1.06,-0.525,0.0,0.791,0.0,1.07,0.656,0.0,-2.24,0.731,-1.03,-0.524,0.0,0.401,1.6,4.91
CHAM820101,0.046,0.128,0.105,0.151,0.29,0.0,0.23,0.186,0.219,0.186,0.221,0.134,0.131,0.18,0.291,0.062,0.108,0.14,0.409,0.298
ZASB820101,-0.152,0.0,-0.355,-0.411,0.001,-0.19,0.0,-0.086,-0.062,-0.102,-0.107,-0.203,-0.181,-0.181,-0.089,-0.203,-0.17,-0.125,0.275,0.0
EISD840101,0.25,0.04,-0.72,-0.62,0.61,0.16,-0.4,0.73,-1.1,0.53,0.26,-0.64,-0.07,-0.69,-1.76,-0.26,-0.18,0.54,0.37,0.02
KARS160112,2.0,2.0,0.528,-0.538,-1.672,0.0,-1.185,-1.517,-0.536,1.052,0.678,0.528,4.0,-1.043,-2.59,2.0,3.0,3.0,-2.576,-2.054
KARS160113,6.0,6.0,12.0,12.0,18.0,1.0,15.0,12.0,12.0,12.0,18.0,12.0,12.0,12.0,19.0,6.0,6.0,6.0,24.0,18.0
KARS160110,0.0,-2.243,-4.178,-3.425,-4.801,0.0,-3.721,-6.085,-3.151,-4.729,-2.812,-4.178,-4.0,-4.255,-4.307,1.0,-3.928,-3.928,-6.324,-4.793
KARS160111,1.0,2.0,3.2,3.333,4.25,0.0,4.286,1.8,3.0,3.2,2.8,3.2,4.0,3.333,3.5,2.0,3.0,3.0,4.0,4.333
KARS160109,2.0,6.243,11.539,11.53,14.851,0.0,12.876,10.851,10.363,11.029,9.49,11.539,12.0,12.207,12.499,5.0,9.928,9.928,13.511,12.868
KARS160107,1.0,3.0,6.0,8.0,11.0,0.0,9.0,6.0,9.0,6.0,7.0,6.0,4.0,8.0,12.0,3.0,4.0,4.0,14.0,13.0
KARS160108,1.0,1.333,1.6,1.667,1.75,0.0,2.0,1.6,1.667,1.6,1.6,1.6,2.0,1.667,1.5,1.333,1.5,1.5,2.182,2.0
KARS160105,1.0,2.33,5.17,6.0,7.0,0.0,6.71,3.25,7.0,5.0,5.4,5.0,4.0,5.86,8.12,1.67,3.25,3.25,11.1,8.88
KARS160106,1.0,1.0,3.0,4.0,6.0,0.0,6.0,3.0,5.0,3.0,3.0,3.0,4.0,4.0,6.0,2.0,1.0,1.0,9.0,6.0
KARS160103,2.0,4.0,8.0,10.0,14.0,0.0,14.0,8.0,10.0,8.0,8.0,8.0,8.0,10.0,12.0,4.0,6.0,6.0,24.0,18.0
KARS160104,1.0,2.0,4.0,5.0,6.0,1.0,6.0,4.0,4.0,4.0,4.0,4.0,4.0,4.0,6.0,2.0,3.0,3.0,8.0,7.0
MIYS990105,-0.02,-0.32,0.19,0.21,-0.33,-0.02,-0.02,-0.28,0.3,-0.32,-0.25,0.1,0.11,0.15,0.08,0.11,0.05,-0.23,-0.27,-0.23
MIYS990103,-0.03,-0.36,0.17,0.23,-0.34,0.09,-0.04,-0.33,0.32,-0.38,-0.3,0.13,0.2,0.13,0.09,0.1,0.01,-0.29,-0.24,-0.23
MIYS990104,-0.04,-0.38,0.19,0.23,-0.38,0.09,-0.04,-0.34,0.33,-0.37,-0.3,0.13,0.19,0.14,0.07,0.12,0.03,-0.29,-0.33,-0.29
MIYS990101,-0.02,-0.96,0.72,0.74,-2.22,0.38,0.0,-1.89,1.01,-2.29,-1.36,0.63,0.47,0.56,0.44,0.55,0.25,-1.34,-1.28,-0.88
MIYS990102,0.0,-0.16,0.12,0.12,-0.36,0.06,0.0,-0.31,0.17,-0.37,-0.22,0.1,0.08,0.09,0.07,0.09,0.04,-0.22,-0.21,-0.14
BEGF750103,0.37,0.84,0.97,0.53,0.53,0.97,0.75,0.37,0.75,0.53,0.64,0.97,0.97,0.64,0.84,0.84,0.75,0.37,0.97,0.84
PALJ810109,1.15,1.03,1.0,1.37,0.92,0.64,0.95,0.99,1.2,1.22,1.45,0.87,0.72,1.43,1.06,0.84,0.97,0.82,1.11,0.72
CEDJ970102,7.6,2.2,5.2,6.2,4.0,6.9,2.1,5.1,5.8,9.4,2.1,4.4,5.4,4.1,5.0,7.2,6.1,6.7,1.4,3.2
CEDJ970101,8.6,2.9,4.9,5.1,3.7,7.8,2.1,4.6,6.3,8.8,2.5,4.6,4.9,4.0,4.2,7.3,6.0,6.7,1.4,3.6
MCMT640101,4.34,35.77,12.0,17.26,29.4,0.0,21.81,19.06,21.29,18.78,21.64,13.28,10.93,17.56,26.66,6.35,11.01,13.92,42.53,31.53
PALJ810107,1.08,1.22,0.86,1.09,0.96,0.85,1.02,0.98,1.01,1.04,1.11,1.05,0.91,0.95,0.93,0.95,1.15,1.03,1.17,0.8
CEDJ970104,7.9,1.9,5.5,7.1,3.9,7.1,2.1,5.2,6.7,8.6,2.4,4.0,5.3,4.4,4.9,6.6,5.3,6.8,1.2,3.1
PALJ810108,1.34,1.27,1.06,1.69,1.02,0.47,1.11,0.84,1.08,1.39,0.9,0.83,0.48,1.13,0.91,1.05,0.74,1.18,0.64,0.73
CEDJ970103,8.1,2.0,3.8,4.6,5.6,7.0,2.0,6.7,4.4,11.0,2.8,3.7,4.7,3.1,4.6,7.3,5.6,7.7,1.8,3.3
CEDJ970105,8.3,1.6,4.7,6.5,2.7,6.3,2.1,3.7,7.9,7.4,2.3,3.7,6.9,4.7,8.7,8.8,5.1,5.3,0.7,2.4
BEGF750101,1.0,0.06,0.44,0.73,0.6,0.35,0.6,0.73,0.6,1.0,1.0,0.35,0.06,0.44,0.52,0.35,0.44,0.82,0.73,0.44
BEGF750102,0.77,0.65,0.65,0.55,0.98,0.65,0.83,0.98,0.55,0.83,0.98,0.55,0.55,0.72,0.72,0.55,0.83,0.98,0.77,0.83
MUNV940105,1.4,1.14,1.89,1.42,1.07,2.06,1.25,1.02,1.34,1.33,1.12,1.61,3.9,1.33,1.23,1.2,0.99,0.87,1.1,0.98
KARS160121,6.0,11.333,10.4,10.667,12.0,3.5,10.4,9.6,10.167,9.6,13.6,10.0,12.0,10.5,10.667,8.667,9.0,9.0,12.75,12.222
MUNV940104,0.978,0.573,1.038,0.962,0.585,1.405,0.724,0.502,0.841,0.766,0.729,0.915,2.613,0.863,0.784,0.784,0.569,0.444,0.671,0.56
KARS160122,0.0,6.0,2.969,1.822,2.026,0.0,1.605,3.373,1.372,3.113,2.656,3.0,12.0,1.849,4.2,6.0,6.0,6.0,2.044,1.599
GEIM800101,1.29,0.79,1.1,1.49,1.13,0.63,1.33,1.05,1.33,1.31,1.54,0.81,0.63,1.07,1.0,0.78,0.77,0.81,1.18,0.71
GEIM800102,1.13,1.32,0.94,1.2,1.01,0.83,1.09,1.05,1.08,1.13,1.23,1.06,0.82,0.93,1.09,1.01,1.17,1.13,1.32,0.88
KARS160120,0.0,0.0,0.0,0.0,0.0,0.0,-1.734,-1.641,-0.179,0.0,0.0,0.0,0.0,0.0,0.0,0.0,-4.227,0.0,0.211,-0.96
GEIM800103,1.55,1.44,1.55,1.67,0.4,0.59,1.21,1.27,1.2,1.25,1.37,1.2,0.21,1.13,0.2,1.01,0.55,0.64,1.86,1.08
GEIM800104,1.19,0.95,1.07,1.64,1.02,0.6,1.03,1.12,1.27,1.18,1.49,0.94,0.68,1.32,1.0,0.81,0.85,0.74,1.18,0.77
RACS770102,0.941,0.866,1.071,1.1,0.723,1.055,0.911,0.742,1.232,0.798,0.781,1.038,1.093,1.15,1.112,1.082,1.043,0.817,0.867,1.05
PUNT030102,-0.15,-0.15,0.41,0.3,-0.22,0.08,0.06,-0.29,0.24,-0.36,-0.19,0.22,0.15,0.03,0.32,0.16,-0.08,-0.24,-0.28,-0.03
RACS770103,1.16,0.5,2.66,2.4,0.43,1.63,0.86,0.57,3.9,0.51,0.4,1.97,2.04,3.87,1.72,1.61,1.48,0.59,0.75,1.72
PUNT030101,-0.17,-0.06,0.37,0.15,-0.41,0.01,-0.02,-0.28,0.32,-0.28,-0.26,0.18,0.13,0.26,0.37,0.05,0.02,-0.17,-0.15,-0.09
KARS160118,6.0,9.33,6.8,6.67,6.0,3.5,4.7,6.0,6.17,6.0,8.0,6.6,6.0,6.5,5.0,7.33,5.4,6.0,5.667,6.22
RACS770101,0.934,0.9,0.994,0.986,0.773,1.015,0.882,0.766,1.04,0.825,0.804,0.986,1.047,1.047,0.962,1.056,1.008,0.825,0.848,0.931
KARS160119,12.0,28.0,28.634,28.731,26.993,7.0,24.243,24.841,22.739,25.021,31.344,27.708,24.0,27.831,23.343,20.0,23.819,24.0,29.778,28.252
SUEM840101,1.071,0.922,0.68,0.97,1.086,0.591,0.85,1.14,0.939,1.14,1.2,0.784,0.659,0.977,1.033,0.76,0.817,0.95,1.107,1.02
MUNV940103,1.08,0.733,1.266,1.085,0.685,1.104,0.906,0.583,1.026,0.789,0.812,1.197,1.412,1.05,0.976,0.987,0.784,0.546,0.755,0.665
KARS160116,6.0,22.0,20.0,26.0,24.0,6.0,31.0,18.0,31.0,18.0,34.0,20.0,12.0,24.0,38.0,20.0,14.0,12.0,36.0,38.0
SUEM840102,8.0,26.0,70.0,6.0,18.0,0.1,0.1,55.0,1.0,33.0,54.0,0.1,42.0,33.0,0.1,0.1,0.1,0.1,77.0,66.0
MUNV940102,0.619,1.107,0.932,0.675,0.968,1.361,1.034,0.876,0.784,0.74,0.736,1.089,1.78,0.77,0.753,0.969,1.053,0.939,0.91,1.009
KARS160117,12.0,28.0,34.0,40.0,48.0,7.0,47.0,30.0,37.0,30.0,40.0,33.007,24.0,39.0,45.0,22.0,27.0,24.007,68.0,56.0
MUNV940101,0.423,0.877,0.87,0.167,0.706,1.162,0.802,0.566,0.615,0.494,0.444,0.906,1.945,0.594,0.503,0.928,0.884,0.706,0.69,0.778
KARS160114,6.0,16.67,16.4,21.0,23.25,3.5,23.1,15.6,24.5,15.6,27.2,16.5,12.0,21.167,31.444,13.33,12.4,10.5,27.5,27.78
HARY940101,90.1,113.2,117.1,140.8,193.5,63.8,159.3,164.9,170.0,164.6,167.7,127.5,123.1,149.4,192.8,94.2,120.0,139.1,197.1,231.7
KARS160115,6.0,12.0,12.0,14.0,18.0,1.0,18.0,12.0,18.0,12.0,18.0,14.0,12.0,15.0,20.0,8.0,8.0,6.0,18.0,20.0
PALJ810101,1.3,0.92,1.02,1.43,1.09,0.63,1.33,0.87,1.23,1.3,1.32,0.9,0.63,1.04,0.93,0.78,0.8,0.95,1.03,0.71
PALJ810102,1.32,0.7,0.97,1.48,1.1,0.59,1.06,1.01,1.13,1.22,1.47,0.74,0.57,1.25,1.04,0.77,0.86,1.05,1.02,0.72
PALJ810105,0.84,0.69,1.28,0.78,0.88,1.76,0.53,0.55,0.95,0.49,0.52,1.48,1.47,1.0,0.91,1.29,1.05,0.51,0.88,1.28
PALJ810106,0.65,1.43,1.47,0.75,0.72,1.53,0.96,0.57,0.95,0.56,0.71,1.45,1.51,0.94,0.93,1.46,0.96,0.55,0.9,1.12
PALJ810103,0.81,1.12,0.71,0.59,1.13,0.94,0.85,1.47,0.77,1.03,0.96,0.81,0.75,1.03,1.03,1.02,1.19,1.44,1.24,1.35
PALJ810104,0.9,1.12,0.75,0.44,1.41,0.83,0.86,1.59,0.75,1.24,0.94,0.82,0.46,0.95,0.75,0.7,1.2,1.73,1.28,1.45
WOLR790101,1.12,0.59,-0.83,-0.92,0.67,1.2,-0.93,1.16,-0.8,1.18,0.55,-0.83,0.54,-0.78,-2.55,-0.05,-0.02,1.13,-0.19,-0.23
GEIM800110,1.1,1.05,1.41,1.4,0.6,1.3,0.85,0.67,0.94,0.52,0.69,1.57,1.77,0.81,0.93,1.13,0.88,0.58,0.62,0.41
TSAJ990101,89.3,102.5,114.4,138.8,190.8,63.8,157.5,163.0,165.1,163.1,165.8,122.4,121.6,146.9,190.3,94.2,119.6,138.2,226.4,194.6
GEIM800111,0.93,0.92,1.22,1.05,0.71,1.45,0.96,0.58,0.91,0.59,0.6,1.36,1.67,0.83,1.01,1.25,1.08,0.62,0.68,0.98
HOPA770101,1.0,0.1,6.5,6.2,1.4,1.1,2.8,0.8,5.3,0.8,0.7,2.2,0.9,2.1,2.3,1.7,1.5,0.9,1.9,2.1
TSAJ990102,90.0,103.3,117.3,142.2,191.9,64.9,160.0,163.9,167.3,164.0,167.0,124.7,122.9,149.4,194.0,95.4,121.5,139.0,228.2,197.0
BIGC670101,52.6,68.3,68.4,84.7,113.9,36.3,91.9,102.0,105.1,102.0,97.7,75.7,73.6,89.7,109.1,54.9,71.2,85.1,135.4,116.2
GEIM800105,0.84,1.27,0.59,0.57,1.15,0.94,0.81,1.29,0.86,1.1,0.88,0.66,0.8,1.02,1.04,1.05,1.2,1.56,1.15,1.39
NAGK730103,0.72,1.01,1.04,0.75,0.58,1.35,0.76,0.8,0.84,0.63,0.62,1.38,1.43,0.81,1.33,1.34,1.03,0.83,0.87,1.35
GEIM800106,0.86,0.91,0.66,0.37,1.34,0.86,1.07,1.17,1.01,1.28,1.15,0.6,0.61,1.11,1.15,0.91,1.14,1.31,1.13,1.37
NAGK730102,0.96,1.13,0.9,0.33,1.37,0.9,0.87,1.54,0.81,1.26,1.29,0.72,0.75,1.18,0.67,0.77,1.23,1.41,1.13,1.07
GEIM800107,0.91,1.12,0.74,0.41,1.26,0.91,1.01,1.29,0.86,1.23,0.96,0.72,0.65,0.9,0.99,0.93,1.05,1.58,1.15,1.21
NAGK730101,1.29,0.94,1.0,1.54,1.23,0.72,1.29,0.94,1.23,1.23,1.23,0.77,0.7,1.1,0.83,0.78,0.87,0.97,1.06,0.63
GEIM800108,0.91,0.93,1.4,0.97,0.72,1.51,0.9,0.65,0.82,0.59,0.58,1.64,1.66,0.94,1.0,1.23,1.04,0.6,0.67,0.92
GEIM800109,0.8,0.0,1.6,0.4,1.2,2.0,0.96,0.85,0.94,0.8,0.39,1.1,2.1,1.6,0.96,1.3,0.6,0.8,0.0,1.8
PALJ810112,0.98,1.01,0.74,0.59,1.23,0.9,1.17,1.38,0.83,1.05,0.82,0.66,0.73,0.63,1.03,0.98,1.2,1.62,1.26,1.23
PALJ810113,0.69,0.0,2.42,0.63,2.2,2.64,0.22,0.43,1.18,0.0,0.88,1.52,1.34,1.44,0.0,1.43,0.28,0.14,0.0,1.53
PALJ810110,0.89,1.04,0.71,0.72,1.32,0.87,1.04,1.14,1.0,1.02,1.41,0.67,0.69,1.06,1.06,0.86,1.15,1.66,1.06,1.35
PALJ810111,0.82,0.71,0.98,0.54,1.56,0.94,1.26,1.67,0.73,0.94,1.3,1.27,0.69,1.01,0.99,0.65,0.98,1.22,1.25,1.26
PALJ810116,0.92,0.62,1.22,0.92,0.96,1.61,0.39,0.79,0.86,0.5,0.5,1.57,1.3,0.66,0.9,1.4,1.11,0.5,0.57,1.78
PALJ810114,0.87,0.83,1.24,0.91,0.47,1.69,0.91,0.27,0.66,0.67,0.0,1.36,1.54,1.06,1.3,1.08,1.12,0.69,1.24,0.54
PALJ810115,0.91,0.5,0.9,0.53,0.37,1.61,1.08,0.36,1.27,0.77,0.76,1.32,1.62,1.06,0.77,1.34,0.87,0.52,1.1,1.24
KARS160101,2.0,3.0,5.0,6.0,8.0,1.0,7.0,5.0,6.0,5.0,5.0,5.0,4.0,6.0,8.0,3.0,4.0,4.0,11.0,9.0
KARS160102,1.0,2.0,4.0,5.0,8.0,0.0,6.0,4.0,5.0,4.0,4.0,4.0,4.0,5.0,7.0,2.0,3.0,3.0,12.0,9.0
KLEP840101,0.0,0.0,-1.0,-1.0,0.0,0.0,0.0,0.0,1.0,0.0,0.0,0.0,0.0,0.0,1.0,0.0,0.0,0.0,0.0,0.0
VENT840101,0.0,0.0,0.0,0.0,1.0,0.0,0.0,1.0,0.0,1.0,0.0,0.0,0.0,0.0,0.0,0.0,0.0,1.0,1.0,1.0
KOEP990101,-0.04,0.57,0.27,-0.33,-0.01,1.24,-0.11,-0.26,-0.18,-0.38,-0.09,0.25,0.0,-0.02,-0.3,0.15,0.39,-0.06,0.21,0.05
KOEP990102,-0.12,-0.63,1.12,0.91,-0.67,0.76,1.34,-0.77,0.29,0.15,-0.71,1.05,0.0,1.67,0.34,1.45,-0.7,-0.7,-0.14,-0.49
FINA770101,1.08,0.95,0.85,1.15,1.1,0.55,1.0,1.05,1.15,1.25,1.15,0.85,0.71,0.95,1.05,0.75,0.75,0.95,1.1,1.1
KUHL950101,0.78,0.55,1.35,1.45,0.47,0.68,0.99,0.47,1.1,0.56,0.66,1.2,0.69,1.19,1.58,1.0,1.05,0.51,0.7,1.0
KIMC930101,-0.35,-0.47,-0.41,-0.41,-0.55,0.0,-0.46,-0.56,-0.41,-0.48,-0.46,-0.38,-0.23,-0.4,-0.44,-0.39,-0.48,-0.53,-0.48,-0.5
OOBM770101,-1.895,-2.035,-1.518,-1.535,-1.864,-1.898,-1.755,-1.951,-1.374,-1.966,-1.963,-1.56,-1.699,-1.521,-1.475,-1.753,-1.767,-1.981,-1.869,-1.686
OOBM770103,-0.491,-0.67,-0.356,-0.371,-0.729,-0.534,-0.54,-0.762,-0.3,-0.65,-0.659,-0.382,-0.463,-0.405,-0.554,-0.455,-0.515,-0.728,-0.839,-0.656
OOBM770102,-1.404,-1.365,-1.162,-1.163,-1.135,-1.364,-1.215,-1.189,-1.074,-1.315,-1.303,-1.178,-1.236,-1.116,-0.921,-1.297,-1.252,-1.254,-1.03,-1.03
MONM990101,0.5,0.6,1.6,1.6,0.4,1.3,1.6,0.6,1.6,0.4,0.5,1.7,1.7,1.6,1.7,0.7,0.4,0.5,0.7,0.6
OOBM770105,-7.02,-8.19,-9.296,-10.467,-12.485,-5.456,-12.15,-9.512,-9.666,-10.52,-10.424,-9.424,-8.652,-10.044,-10.131,-7.782,-8.764,-8.778,-14.42,-12.36
OOBM770104,-9.475,-12.21,-12.144,-13.815,-20.504,-7.592,-17.55,-15.608,-12.366,-15.728,-15.704,-12.48,-11.893,-13.689,-16.225,-10.518,-12.369,-13.867,-26.166,-20.232
CASG920101,0.2,1.9,-1.4,-1.3,1.0,-0.1,0.4,1.4,-1.6,0.5,0.5,-0.5,-1.0,-1.1,-0.7,-0.7,-0.4,0.7,1.6,0.5
WIMW960101,4.08,4.49,3.02,2.23,5.38,4.24,4.08,4.52,3.77,4.81,4.48,3.83,3.8,3.67,3.91,4.12,4.11,4.18,6.1,5.19
WILM950104,-2.34,5.03,-0.48,1.3,2.57,-1.06,-3.0,7.26,1.56,1.09,0.62,2.81,-0.15,0.16,1.6,1.93,0.19,2.06,3.59,-2.58
WILM950103,-1.64,9.3,0.7,1.18,-1.36,-1.85,7.17,3.02,-2.36,0.83,4.26,0.83,3.12,-0.04,-3.28,1.59,2.31,0.52,2.61,2.37
WILM950102,2.62,0.73,-2.84,-0.45,9.14,-1.15,-0.74,4.38,-2.78,6.57,-3.12,-1.27,-0.12,-1.69,1.26,-1.39,1.81,2.3,5.91,1.39
WILM950101,0.06,0.49,-0.2,-0.1,4.8,0.21,-2.24,3.48,-1.62,3.5,0.21,0.25,0.71,0.31,-0.85,-0.62,0.65,1.59,2.29,1.89
BHAR880101,0.357,0.346,0.511,0.497,0.314,0.544,0.323,0.462,0.466,0.365,0.295,0.463,0.509,0.493,0.529,0.507,0.444,0.386,0.305,0.42
NAKH900111,10.17,1.48,1.18,1.15,9.6,8.87,1.07,10.91,1.04,16.22,4.12,1.36,2.24,1.57,1.21,5.38,5.61,11.44,2.67,2.68
NAKH900112,6.61,0.83,0.59,1.63,7.76,4.88,1.14,12.91,1.15,21.66,7.17,1.84,3.51,1.2,0.41,6.84,8.89,6.3,2.11,2.57
NAKH900113,1.61,0.37,0.75,1.5,1.24,3.12,0.46,1.61,0.62,1.37,1.59,0.73,0.67,0.61,0.4,0.68,0.92,1.3,1.63,0.67
JACR890101,0.18,0.27,-2.36,-2.1,0.5,0.09,-1.48,0.37,-2.53,0.41,0.44,-1.3,-0.2,-1.22,-5.4,-0.4,-0.34,0.32,-0.01,-0.08
NAKH900110,0.34,-0.32,-0.56,-0.43,1.3,0.48,-0.19,0.39,-0.75,0.52,0.47,-0.27,-0.19,-0.34,-0.57,-0.2,-0.04,0.36,0.77,0.07
GOLD730102,88.3,112.4,110.8,140.5,189.0,60.0,152.6,168.5,175.6,168.5,162.2,125.1,122.2,148.7,181.2,88.7,118.2,141.4,227.0,193.0
GOLD730101,0.75,1.0,0.0,0.0,2.65,0.0,0.0,2.95,1.5,2.4,1.3,0.69,2.6,0.59,0.75,0.0,0.45,1.7,3.0,2.85
BASU050101,0.1366,0.2745,-0.1233,-0.0484,0.4076,-0.0464,0.0549,0.4172,-0.0101,0.4251,0.1747,-0.0345,0.0019,0.0325,0.0363,-0.0433,0.0589,0.4084,0.2362,0.3167
BASU050102,0.0728,0.3557,-0.0552,-0.0295,0.4201,-0.0589,0.0874,0.3805,-0.0053,0.3819,0.1613,-0.039,-0.0492,0.0126,0.0394,-0.0282,0.0239,0.2947,0.4114,0.3113
BASU050103,0.151,0.3222,0.0047,-0.0639,0.3455,0.0248,0.1335,0.4238,-0.0158,0.3926,0.216,0.0381,0.0844,0.0246,-0.0103,0.004,0.1462,0.3997,0.2657,0.2998
NAKH900108,-0.7,-0.41,-0.93,-1.13,1.29,-0.12,0.04,1.77,-0.4,1.02,0.86,1.28,-0.42,-0.71,-0.91,0.14,-0.13,-0.19,0.26,1.29
NAKH900109,9.25,1.07,3.89,4.8,6.36,8.51,1.88,6.47,3.5,10.94,3.14,3.71,4.36,3.17,3.96,6.26,5.66,7.55,2.22,3.28
NAKH900101,7.99,1.81,5.14,6.1,3.83,6.91,2.17,5.48,6.01,9.16,2.5,4.33,4.95,3.98,5.86,6.84,5.77,6.65,1.34,3.15
NAKH900102,3.73,2.3,2.23,3.0,1.94,3.36,1.55,2.52,3.36,3.4,1.37,2.33,3.18,2.36,3.34,2.83,2.63,2.53,1.15,1.76
NAKH900103,5.74,1.03,2.11,2.63,6.51,5.66,2.3,9.12,3.2,15.36,5.3,5.25,4.79,2.3,1.92,7.55,7.51,5.12,2.51,4.08
NAKH900104,-0.6,-0.34,-1.36,-1.16,1.38,-0.37,0.08,1.44,-0.84,1.82,2.04,0.39,-0.05,-0.71,-1.18,0.25,0.66,-0.6,1.02,0.53
NAKH900105,5.88,1.11,1.7,2.6,6.58,5.29,2.33,8.78,2.58,16.52,6.0,4.38,5.29,2.3,1.54,7.68,8.38,4.66,2.89,3.51
NAKH900106,-0.57,-0.3,-1.54,-1.17,1.42,-0.48,0.1,1.31,-1.02,2.16,2.55,0.02,0.11,-0.71,-1.29,0.3,0.99,-0.79,1.35,0.2
NAKH900107,5.39,0.86,3.07,2.7,6.34,6.52,2.23,9.94,4.67,12.64,3.68,7.31,3.62,2.31,2.81,7.24,5.44,6.18,1.64,5.42
PONP800108,6.05,7.86,4.95,5.1,6.62,6.16,5.8,7.51,4.88,7.37,6.39,5.04,5.65,5.45,5.7,5.53,5.81,7.62,6.98,6.73
PONP800106,10.67,14.15,10.21,11.71,13.27,10.95,12.07,12.95,9.93,13.07,15.0,10.85,10.62,11.71,11.05,11.18,10.53,13.86,11.41,11.52
PONP800107,3.7,3.03,2.6,3.3,6.6,3.13,3.57,7.69,1.79,5.88,5.21,2.12,2.12,2.7,2.53,2.43,2.6,7.14,6.25,3.03
CHAM810101,0.52,0.62,0.76,0.68,0.7,0.0,0.7,1.02,0.68,0.98,0.78,0.76,0.36,0.68,0.68,0.53,0.5,0.76,0.7,0.7
ANDN920101,4.35,4.65,4.76,4.29,4.66,3.97,4.63,3.95,4.36,4.17,4.52,4.75,4.44,4.37,4.38,4.5,4.35,3.95,4.7,4.6
KYTJ820101,1.8,2.5,-3.5,-3.5,2.8,-0.4,-3.2,4.5,-3.9,3.8,1.9,-3.5,-1.6,-3.5,-4.5,-0.8,-0.7,4.2,-0.9,-1.3
JUNJ780101,685.0,241.0,400.0,427.0,303.0,707.0,155.0,394.0,575.0,581.0,132.0,397.0,366.0,313.0,382.0,593.0,490.0,553.0,99.0,292.0
AVBF000106,-0.378,-0.206,-0.113,-0.165,-0.187,-0.56,-0.295,-0.134,-0.335,-0.266,-0.26,-0.245,NaN,-0.29,-0.369,-0.251,-0.093,-0.084,-0.188,-0.147
AVBF000107,-0.729,-0.408,-0.545,-0.532,-0.454,-0.86,-0.519,-0.361,-0.508,-0.462,-0.518,-0.597,NaN,-0.492,-0.535,-0.278,-0.367,-0.323,-0.455,-0.439
NOZY710101,0.5,0.0,0.0,0.0,2.5,0.0,0.5,1.8,0.0,1.8,1.3,0.0,0.0,0.0,0.0,0.0,0.4,1.5,3.4,2.3
AVBF000108,-0.623,-0.571,-0.626,-0.572,-0.461,-0.679,-0.508,-0.199,-0.581,-0.527,-0.571,-0.619,NaN,-0.559,-0.567,-0.458,-0.233,-0.263,-0.327,-0.451
AVBF000109,-0.376,-0.441,-0.405,-0.362,-0.237,-0.392,-0.345,-0.194,-0.412,-0.317,-0.312,-0.403,NaN,-0.362,-0.28,-0.374,-0.243,-0.355,-0.111,-0.171
WOLR810101,1.94,-1.24,-10.95,-10.2,-0.76,2.39,-10.27,2.15,-9.52,2.28,-1.48,-9.68,-3.68,-9.38,-19.92,-5.06,-4.88,1.99,-5.88,-6.11
NAKH920106,6.69,1.7,4.97,7.76,3.59,6.32,2.11,4.51,8.36,8.23,2.46,4.49,5.2,5.39,6.65,7.4,5.18,5.27,1.06,2.75
NISK860101,-0.22,4.66,-4.12,-3.64,5.27,-1.62,1.28,5.58,-4.18,5.01,3.51,-2.65,-3.03,-2.76,-0.93,-2.84,-1.2,4.45,5.2,2.15
NAKH920107,5.08,2.95,5.96,6.04,4.36,8.2,2.1,4.95,4.93,8.03,2.61,5.75,4.84,4.24,4.75,6.41,5.87,6.07,2.31,4.55
NAKH920108,9.36,2.56,0.94,0.94,10.99,6.17,0.47,13.73,0.58,16.64,3.93,2.31,1.96,1.14,0.27,5.58,4.68,12.43,2.2,3.13
COHE430101,0.75,0.61,0.6,0.66,0.77,0.64,0.67,0.9,0.82,0.9,0.75,0.61,0.76,0.67,0.7,0.68,0.7,0.86,0.74,0.71
KRIW710101,4.6,-1.0,5.7,5.6,3.2,7.6,4.5,2.6,7.9,3.25,1.4,5.9,7.0,6.1,6.5,5.25,4.8,3.4,4.0,4.35
NAKH920102,10.88,0.69,6.13,9.34,2.93,7.72,2.15,1.8,6.11,8.03,3.79,5.75,7.21,4.68,6.01,7.25,3.51,4.57,0.47,1.01
NAKH920103,5.15,3.24,5.75,7.05,3.52,6.38,2.69,4.4,5.25,8.11,1.6,4.81,5.65,4.45,4.38,8.04,7.41,7.0,1.68,3.42
NAKH920104,5.04,2.2,5.26,6.07,3.72,7.09,2.99,4.32,6.31,9.88,1.85,5.94,6.22,4.5,3.73,8.05,5.2,6.19,2.1,3.32
NAKH920105,9.9,2.55,0.35,0.08,6.47,8.14,0.2,15.25,0.16,22.28,1.85,0.94,2.38,0.87,0.09,4.17,4.33,14.34,2.21,3.42
NAKH920101,8.63,1.03,6.24,7.82,2.73,6.8,2.7,3.48,6.25,8.44,2.14,4.18,6.28,4.76,6.75,8.53,4.43,5.44,0.8,2.54
CHOP780101,0.66,1.19,1.46,0.74,0.6,1.56,0.95,0.47,1.01,0.59,0.6,1.56,1.52,0.98,0.95,1.43,0.96,0.5,0.96,1.14
MONM990201,0.4,0.7,1.5,1.3,0.3,1.1,1.4,0.5,1.4,0.3,0.5,1.6,1.6,1.4,1.5,0.9,0.7,0.4,0.9,0.9
KRIW790103,27.5,44.6,40.0,62.0,115.5,0.0,79.0,93.5,100.0,93.5,94.1,58.7,41.9,80.7,105.0,29.3,51.3,71.5,145.5,117.3
KRIW790102,0.28,0.11,0.33,0.37,0.1,0.28,0.23,0.12,0.59,0.16,0.08,0.31,0.46,0.39,0.34,0.27,0.26,0.22,0.15,0.25
KRIW790101,4.32,1.73,6.04,6.17,2.59,6.09,5.66,2.31,7.92,3.93,2.44,6.24,7.19,6.13,6.55,5.37,5.16,3.31,2.78,3.58
WOEC730101,7.0,5.5,13.0,12.5,5.0,7.9,8.4,4.9,10.1,4.9,5.3,10.0,6.6,8.6,9.1,7.5,6.6,5.6,5.3,5.7
CHOP780215,0.058,0.128,0.081,0.064,0.065,0.152,0.054,0.056,0.095,0.07,0.055,0.091,0.068,0.098,0.085,0.106,0.079,0.053,0.167,0.125
FUKS010103,7.43,0.42,8.71,5.86,1.18,9.4,1.49,1.76,9.67,2.74,0.6,9.12,5.6,5.42,4.51,9.6,8.95,3.1,1.18,3.26
CHOP780214,0.035,0.117,0.179,0.077,0.065,0.19,0.093,0.013,0.072,0.036,0.014,0.191,0.034,0.037,0.099,0.125,0.065,0.028,0.064,0.114
FUKS010104,5.22,1.01,7.91,10.66,1.68,5.81,2.27,2.36,12.68,4.52,1.85,6.06,5.7,6.0,7.3,6.99,5.16,4.1,0.56,2.16
FUKS010105,9.88,1.12,3.5,4.02,5.27,6.88,1.88,10.08,3.39,13.21,2.44,2.35,3.8,1.66,3.71,4.1,4.98,12.53,1.11,4.07
CHOP780216,0.64,0.92,1.61,0.8,0.62,1.63,0.77,0.29,1.13,0.36,0.51,1.56,2.04,0.84,1.05,1.52,0.98,0.43,0.48,1.08
FUKS010106,10.98,1.47,3.37,3.51,4.97,7.48,2.2,9.74,2.54,12.79,3.1,2.85,3.42,2.3,3.26,4.93,5.55,10.69,1.28,3.55
CHOP780211,0.74,0.53,1.32,0.85,0.44,1.68,0.96,0.53,0.82,0.59,0.85,1.13,1.69,0.77,1.05,1.49,1.16,0.59,1.59,1.01
CHOP780210,0.67,1.34,1.39,0.92,0.3,1.46,0.78,0.59,1.09,0.46,0.52,1.86,1.58,1.09,0.89,1.41,1.09,0.42,0.48,1.23
CHOP780213,0.076,0.053,0.11,0.06,0.041,0.085,0.047,0.034,0.115,0.025,0.082,0.083,0.301,0.098,0.106,0.139,0.108,0.048,0.013,0.065
FUKS010101,4.47,0.29,7.05,16.56,2.32,8.29,1.74,3.3,12.98,5.06,1.71,3.89,5.41,2.87,8.48,4.27,3.83,4.05,0.67,2.75
CHOP780212,0.06,0.149,0.147,0.056,0.059,0.102,0.14,0.043,0.055,0.061,0.068,0.161,0.102,0.074,0.07,0.12,0.086,0.062,0.077,0.082
FUKS010102,6.77,0.31,8.57,12.93,1.92,7.95,2.8,2.72,10.2,4.43,1.87,5.5,4.79,5.24,6.87,5.41,5.36,3.57,0.54,2.26
BURA740102,0.288,0.533,0.271,0.262,0.318,0.312,0.2,0.411,0.265,0.4,0.375,0.229,0.34,0.327,0.362,0.354,0.388,0.495,0.231,0.429
BURA740101,0.486,0.2,0.288,0.538,0.318,0.12,0.4,0.37,0.402,0.42,0.417,0.193,0.208,0.418,0.262,0.2,0.272,0.379,0.462,0.161
AVBF000101,0.163,0.316,0.212,0.212,0.41,0.08,0.315,0.474,0.255,0.315,0.356,0.124,NaN,0.274,0.22,0.29,0.412,0.515,0.325,0.354
AVBF000102,0.236,0.259,0.168,0.306,0.328,-0.17,0.256,0.391,0.231,0.293,0.367,0.189,NaN,0.314,0.233,0.202,0.308,0.436,0.197,0.223
AVBF000103,-0.49,-0.352,-0.375,-0.382,-0.309,-0.647,-0.357,-0.268,-0.409,-0.45,-0.375,-0.387,NaN,-0.422,-0.429,-0.426,-0.24,-0.22,-0.325,-0.288
PARJ860101,2.1,1.4,10.0,7.8,-9.2,5.7,2.1,-8.0,5.7,-9.2,-4.2,7.0,2.1,6.0,4.2,6.5,5.2,-3.7,-10.0,-1.9
AVBF000104,-0.871,-0.666,-0.737,-0.773,-0.649,-0.822,-0.685,-0.617,-0.715,-0.798,-0.717,-0.741,NaN,-0.728,-0.727,-0.679,-0.629,-0.599,-0.669,-0.655
AVBF000105,-0.393,-0.222,-0.247,-0.26,-0.189,-0.57,-0.244,-0.144,-0.294,-0.281,-0.274,-0.268,NaN,-0.291,-0.317,-0.28,-0.152,-0.08,-0.206,-0.155
CHOC760101,115.0,135.0,150.0,190.0,210.0,75.0,195.0,175.0,200.0,170.0,185.0,160.0,145.0,180.0,225.0,115.0,140.0,155.0,255.0,230.0
CHOC760102,25.0,19.0,50.0,49.0,24.0,23.0,43.0,18.0,97.0,23.0,31.0,63.0,50.0,71.0,90.0,44.0,47.0,18.0,32.0,60.0
CHOC760103,0.38,0.45,0.15,0.18,0.5,0.36,0.17,0.6,0.03,0.45,0.4,0.12,0.18,0.07,0.01,0.22,0.23,0.54,0.27,0.15
CHOC760104,0.2,0.22,0.04,0.03,0.14,0.18,0.02,0.19,0.0,0.16,0.11,0.03,0.04,0.01,0.0,0.08,0.08,0.18,0.04,0.03
MITS020101,0.0,0.0,0.0,1.27,0.0,0.0,1.45,0.0,3.67,0.0,0.0,0.0,0.0,1.25,2.45,0.0,0.0,0.0,6.93,5.06
CHOP780204,1.29,0.66,2.02,2.44,0.61,0.76,0.73,0.67,0.66,0.58,0.71,0.81,2.01,1.22,0.44,0.74,1.08,0.61,1.47,0.68
CHOP780203,0.74,0.96,1.52,0.95,0.66,1.56,0.95,0.47,1.19,0.5,0.6,1.46,1.56,0.96,1.01,1.43,0.98,0.59,0.6,1.14
CHOP780206,0.7,0.65,0.98,1.04,0.93,1.41,1.22,0.78,1.01,0.85,0.83,1.42,1.1,0.75,0.34,1.55,1.09,0.75,0.62,0.99
CHOP780205,1.2,1.11,0.61,1.24,1.1,0.42,1.77,0.98,1.83,1.13,1.57,0.59,0.0,1.22,1.25,0.96,0.75,1.25,0.4,0.73
FUKS010110,9.07,0.95,5.73,7.77,3.59,7.69,2.47,6.56,6.01,9.0,2.54,4.05,4.04,3.63,4.9,5.15,5.46,7.47,0.95,2.96
FUKS010111,8.82,0.9,6.38,4.05,3.51,9.11,1.77,5.05,5.45,6.54,1.62,6.77,4.28,3.89,3.71,7.64,7.12,6.6,1.96,4.85
CHOP780202,0.83,1.19,0.54,0.37,1.38,0.75,0.87,1.6,0.74,1.3,1.05,0.89,0.55,1.1,0.93,0.75,1.19,1.7,1.37,1.47
FUKS010112,6.65,1.79,5.5,6.89,4.34,5.72,2.13,5.47,7.59,10.15,2.24,4.4,4.56,4.52,5.17,6.52,5.08,7.0,1.24,3.01
CHOP780201,1.42,0.7,1.01,1.51,1.13,0.57,1.0,1.08,1.16,1.21,1.45,0.67,0.57,1.11,0.98,0.77,0.83,1.06,1.08,0.69
BLAM930101,0.96,0.42,0.42,0.53,0.59,0.0,0.57,0.84,0.73,0.92,0.86,0.39,-2.5,0.8,0.77,0.53,0.54,0.63,0.58,0.72
KIDA850101,-0.27,-1.05,0.81,1.17,-1.43,-0.16,0.28,-0.77,1.7,-1.1,-0.73,0.81,-0.75,1.1,1.87,0.42,0.63,-0.4,-1.57,-0.56
DIGM050101,1.076,0.753,1.29,1.118,0.869,1.346,0.985,0.926,1.105,1.054,0.974,1.056,0.82,0.729,1.361,1.342,0.871,1.131,0.666,0.531
CHOP780208,0.86,0.87,0.38,0.35,1.5,0.63,0.54,1.94,1.0,1.3,1.43,0.66,0.66,1.65,0.9,0.63,1.17,1.69,1.49,1.07
FUKS010107,9.95,1.3,4.46,2.58,5.41,8.87,1.99,7.73,2.0,9.66,2.45,4.84,3.2,2.64,3.05,6.03,5.62,9.46,2.6,6.15
CHOP780207,0.52,0.94,1.06,0.59,1.04,1.64,1.86,0.87,1.49,0.84,0.52,1.64,1.58,0.7,1.24,0.93,0.86,0.32,0.16,0.96
FUKS010108,8.26,2.67,2.8,2.67,7.32,5.62,1.98,8.95,1.89,16.46,2.67,2.54,3.3,2.86,2.8,6.0,5.0,10.24,2.01,3.96
FUKS010109,7.39,0.74,5.14,9.8,3.91,7.53,1.82,6.96,7.81,9.45,2.1,3.06,4.54,2.22,5.91,4.18,4.45,8.62,0.9,3.46
CHOP780209,0.75,1.11,0.85,0.55,1.5,0.74,0.9,1.35,0.74,1.27,0.95,1.21,0.4,0.65,0.9,0.79,0.75,1.79,1.19,1.96
ISOY800106,1.09,1.04,1.24,1.14,0.8,0.27,1.07,0.97,1.2,1.3,0.55,0.88,1.78,1.09,1.07,1.2,0.99,0.77,1.03,0.69
ISOY800105,0.35,0.5,2.16,0.65,0.89,2.4,1.19,0.12,0.83,0.58,0.22,2.12,0.43,0.73,0.75,1.24,0.85,0.43,0.62,1.44
ISOY800104,1.09,0.5,0.77,0.92,0.5,1.25,0.67,0.66,1.25,0.44,0.45,1.14,2.96,0.83,0.97,1.21,1.33,0.56,0.62,0.94
ISOY800103,0.78,0.6,1.5,0.97,0.67,1.73,0.83,0.4,1.01,0.57,0.3,1.56,1.55,0.78,1.06,1.19,1.09,0.44,0.74,1.14
ISOY800108,0.47,0.41,1.15,0.64,0.61,3.03,0.89,0.62,0.98,0.53,0.68,2.16,0.63,0.95,0.52,1.03,0.39,0.76,0.63,0.83
ISOY800107,1.34,1.44,1.77,2.54,0.43,0.95,0.0,0.52,0.79,1.05,0.0,0.92,0.37,0.79,2.78,0.87,1.14,0.0,1.79,0.73
COSI940101,0.0373,0.0829,0.1263,0.0058,0.0946,0.005,0.0242,0.0,0.0371,0.0,0.0823,0.0036,0.0198,0.0761,0.0959,0.0829,0.0941,0.0057,0.0548,0.0516
ISOY800102,0.86,1.39,0.69,0.66,1.16,0.7,1.06,1.31,0.77,1.01,1.06,0.74,1.16,0.89,0.98,1.09,1.24,1.4,1.17,1.28
ISOY800101,1.53,0.89,1.0,1.63,1.22,0.44,1.03,1.07,1.26,1.32,1.66,0.6,0.25,1.27,1.17,0.65,0.86,0.93,1.05,0.7
AURR980120,0.71,0.65,1.43,1.19,0.95,1.07,1.13,1.05,1.1,0.84,0.8,0.95,1.7,0.87,1.09,0.65,0.086,1.12,1.25,0.85
WARP780101,10.04,8.89,5.76,5.37,7.98,7.99,7.49,8.72,4.4,8.79,9.15,5.63,7.79,5.41,6.18,7.08,7.0,8.88,8.07,6.9
JUKT750101,5.3,1.3,3.6,3.3,2.3,4.8,1.4,3.1,4.1,4.7,1.1,3.0,2.5,2.4,2.6,4.5,3.7,4.2,0.8,2.3
CHOC750101,91.5,117.7,124.5,155.1,203.4,66.4,167.3,168.8,171.3,167.9,170.8,135.2,129.3,161.1,202.0,99.1,122.1,141.7,237.6,203.6
VINM940101,0.984,0.906,1.068,1.094,0.915,1.031,0.95,0.927,1.102,0.935,0.952,1.048,1.049,1.037,1.008,1.046,0.997,0.931,0.904,0.929
YUTK870101,8.5,11.0,8.5,8.8,11.2,7.1,10.1,16.8,7.9,15.0,13.3,8.2,8.2,6.3,0.0,7.4,8.8,12.0,9.9,8.8
VINM940104,0.783,0.785,0.822,0.826,0.774,0.784,0.777,0.776,0.834,0.783,0.806,0.799,0.809,0.817,0.807,0.811,0.795,0.781,0.796,0.788
YUTK870102,6.8,8.3,7.0,4.9,8.3,6.4,9.2,10.0,7.5,12.2,8.4,6.2,6.9,8.5,0.0,8.0,7.0,9.4,5.7,6.8
FAUJ880102,0.53,0.66,0.59,0.72,0.71,0.0,0.64,0.96,0.78,0.92,0.77,0.58,0.0,0.71,0.69,0.55,0.63,0.89,0.84,0.71
YUTK870103,18.08,18.17,17.36,18.16,17.3,18.24,18.49,18.62,17.96,18.6,18.11,17.47,18.16,17.93,0.0,17.57,17.54,18.3,17.19,17.99
VINM940102,1.315,1.196,1.372,1.376,1.247,1.382,1.279,1.241,1.367,1.234,1.269,1.38,1.342,1.342,1.31,1.381,1.324,1.235,1.186,1.199
FAUJ880101,1.28,1.77,1.6,1.56,2.94,0.0,2.99,4.19,1.89,2.59,2.35,1.6,2.67,1.56,2.34,1.31,3.03,3.67,3.21,2.94
YUTK870104,18.56,17.84,17.94,17.97,17.95,18.57,18.64,19.21,18.36,19.01,18.49,18.24,18.77,18.51,0.0,18.06,17.71,18.98,16.87,18.23
VINM940103,0.994,0.939,1.022,1.052,0.934,1.018,0.967,0.977,1.029,0.982,0.963,1.022,1.05,1.041,1.026,1.025,0.998,0.968,0.938,0.981
FAUJ880104,2.87,4.47,4.74,5.97,4.62,2.06,5.23,4.92,6.89,4.92,6.36,4.58,4.11,6.11,7.82,3.97,4.11,4.11,7.68,4.73
PONP930101,0.85,2.1,-1.1,-0.79,1.69,0.0,0.22,3.14,-1.19,1.99,1.42,-0.48,-1.14,-0.42,0.2,-0.52,-0.08,2.53,1.76,1.37
FAUJ880103,1.0,2.43,2.78,3.78,5.89,0.0,4.66,4.0,4.77,4.0,4.43,2.95,2.72,3.95,6.13,1.6,2.6,3.0,8.08,6.47
FAUJ880106,2.04,3.41,3.78,3.31,6.02,1.0,5.66,3.49,4.87,4.45,4.8,4.37,4.31,3.53,6.24,2.7,3.17,3.17,5.9,6.72
FAUJ880105,1.52,1.52,1.52,1.52,1.52,1.0,1.52,1.9,1.52,1.52,1.52,1.52,1.52,1.52,1.52,1.52,1.73,1.9,1.52,1.52
FAUJ880108,-0.01,0.12,0.15,0.07,0.03,0.0,0.08,-0.01,0.0,-0.01,0.04,0.06,0.0,0.05,0.04,0.11,0.04,0.01,0.0,0.03
FAUJ880107,7.3,14.4,9.2,11.4,13.9,0.0,10.2,16.1,10.9,10.1,10.4,8.0,17.8,10.6,11.1,13.1,16.7,17.2,13.2,13.9
FAUJ880109,0.0,0.0,1.0,1.0,0.0,0.0,1.0,0.0,2.0,0.0,0.0,2.0,0.0,2.0,4.0,1.0,1.0,0.0,1.0,1.0
BULH740102,0.691,0.624,0.558,0.632,0.756,0.592,0.646,0.809,0.767,0.842,0.709,0.596,0.73,0.649,0.728,0.594,0.655,0.777,0.743,0.743
BULH740101,-0.2,-0.45,-0.2,-0.3,-2.33,0.0,-0.12,-2.26,-0.35,-2.46,-1.47,0.08,-0.98,0.16,-0.12,-0.39,-0.52,-1.56,-2.01,-2.24
JOND750101,0.87,1.52,0.66,0.67,2.87,0.1,0.87,3.15,1.64,2.17,1.67,0.09,2.77,0.0,0.85,0.07,0.07,1.87,3.77,2.67
JOND750102,2.34,1.65,2.01,2.19,1.83,2.34,1.82,2.36,2.18,2.36,2.28,2.02,1.99,2.17,1.18,2.21,2.1,2.32,2.38,2.2
CRAJ730103,0.6,1.29,1.24,0.64,1.05,1.38,0.95,0.67,1.1,0.7,0.67,1.42,1.47,0.92,0.79,1.26,1.05,0.48,1.23,1.35
CRAJ730102,1.0,0.99,0.89,0.37,1.26,0.56,0.36,1.75,1.18,1.53,1.4,0.75,0.36,0.87,0.74,0.65,1.15,1.61,0.84,1.41
CRAJ730101,1.33,0.93,0.97,1.66,1.15,0.58,1.49,0.99,1.03,1.29,1.4,0.72,0.49,1.42,0.79,0.83,0.94,0.96,1.33,0.49
FAUJ880111,0.0,0.0,0.0,0.0,0.0,0.0,1.0,0.0,1.0,0.0,0.0,0.0,0.0,0.0,1.0,0.0,0.0,0.0,0.0,0.0
FAUJ880110,0.0,0.0,4.0,4.0,0.0,0.0,1.0,0.0,1.0,0.0,0.0,3.0,0.0,3.0,3.0,2.0,2.0,0.0,0.0,2.0
FAUJ880113,4.76,3.67,5.69,5.48,4.31,3.77,2.84,4.81,4.27,4.79,4.25,3.64,0.0,4.54,4.3,3.83,3.87,4.86,4.75,4.3
FAUJ880112,0.0,0.0,1.0,1.0,0.0,0.0,0.0,0.0,0.0,0.0,0.0,0.0,0.0,0.0,0.0,0.0,0.0,0.0,0.0,0.0
