AA , RAx  , ZNppuAt, MGppuAt, PP864  , PP864e2    , PP_ST1070, PP_ST1070^2,  PP_SA870, PP_SA870^2, Ions_Mg_Dev200Inv, Ions_Mg_Dev200Inv^2, DnaTrainD40, DnaTrainD40^2
ALA, 0.701, 0.0015 , 0.00408, 0.04580, 0.00209764 , 0.04872   ,  0.00237,   0.04981,    0.00248  ,           0.00358,             0.00001,     0.06419,       0.00412
CYS, 1.650, 0.33066, 0.0049 , 0.06501, 0.0042263  , 0.0708    ,  0.00501,   0.07019,    0.00493  ,           0.00573,             0.00003,     0.05405,       0.00292
ASP, 1.015, 0.0475 , 0.04363, 0.05840, 0.00341056 , 0.0591    ,  0.00349,   0.06027,    0.00363  ,           0.03844,             0.00148,     0.04725,       0.00223
GLU, 0.956, 0.03958, 0.02156, 0.05173, 0.002675993, 0.04985   ,  0.00248,   0.05032,    0.00253  ,           0.01878,             0.00035,     0.03   ,       0.0009
PHE, 1.952, 0.00288, 0.00415, 0.10202, 0.01040808 , 0.10634   ,  0.01131,   0.10676,    0.0114   ,           0.00355,             0.00001,     0.10607,       0.01125
GLY, 0.788, 0.00242, 0.00688, 0.05035, 0.002535123, 0.05091   ,  0.00259,   0.05148,    0.00265  ,           0.00585,             0.00003,     0.10089,       0.01018
HIS, 2.286, 0.21974, 0.02283, 0.09091, 0.008264628, 0.08867   ,  0.00786,   0.08694,    0.00756  ,           0.02163,             0.00047,     0.12538,       0.01572
ILE, 1.006, 0.00148, 0.00329, 0.06653, 0.004426241, 0.07326   ,  0.00537,   0.07566,    0.00572  ,           0.00283,             0.00001,     0.05459,       0.00298
LYS, 0.468, 0.0051 , 0.0078 , 0.05450, 0.00297025 , 0.05261   ,  0.00277,   0.05167,    0.00267  ,           0.00737,             0.00005,     0.15741,       0.02478
LEU, 1.045, 0.00105, 0.00298, 0.06268, 0.003928782, 0.06739   ,  0.00454,   0.06769,    0.00458  ,           0.0029 ,             0.00001,     0.04269,       0.00182
MET, 1.894, 0.00485, 0.00395, 0.09022, 0.008139648, 0.08996   ,  0.00809,   0.09205,    0.00847  ,           0.0047 ,             0.00002,     0.07391,       0.00546
ASN, 0.811, 0.00493, 0.01344, 0.06215, 0.003862623, 0.06124   ,  0.00375,   0.06138,    0.00377  ,           0.01453,             0.00021,     0.11648,       0.01357
PRO, 0.212, 0.00179, 0.0029 , 0.04298, 0.00184728 , 0.04329   ,  0.00187,   0.0438 ,    0.00192  ,           0.00306,             0.00001,     0.06706,       0.0045
GLN, 0.669, 0.00545, 0.00927, 0.06310, 0.00398161 , 0.06027   ,  0.00363,   0.06286,    0.00395  ,           0.00778,             0.00006,     0.09627,       0.00927
ARG, 0.916, 0.00604, 0.00878, 0.08170, 0.00667489 , 0.07979   ,  0.00637,   0.07841,    0.00615  ,           0.00849,             0.00007,     0.21289,       0.04532
SER, 0.883, 0.00385, 0.01094, 0.05405, 0.002921403, 0.05376   ,  0.00289,   0.05481,    0.003    ,           0.01015,             0.0001 ,     0.12423,       0.01543
THR, 0.730, 0.00314, 0.01089, 0.05287, 0.002795237, 0.05166   ,  0.00267,   0.05298,    0.00281  ,           0.00943,             0.00009,     0.12316,       0.01517
VAL, 0.884, 0.00159, 0.00395, 0.06079, 0.003695424, 0.06506   ,  0.00423,   0.06676,    0.00446  ,           0.00406,             0.00002,     0.05593,       0.00313
TRP, 3.084, 0.00484, 0.00449, 0.14201, 0.02016684 , 0.14011   ,  0.01963,   0.1428 ,    0.02039  ,           0.00474,             0.00002,     0.14932,       0.0223
TYR, 1.672, 0.00588, 0.00672, 0.12141, 0.014740388, 0.1195    ,  0.01428,   0.12075,    0.01458  ,           0.00634,             0.00004,     0.15387,       0.02368